12842323,09-01-03,DEP,Noise,"Noise, Barking Dog (NR5)",10014,32 GROVE STREET,NEW YORK,MANHATTAN,40.73265068,-74.00478811
12829552,09-01-01,DEP,Noise,"Noise, Barking Dog (NR5)",10011,225 WEST 23 STREET,NEW YORK,MANHATTAN,40.74448884,-73.99655354
12855204,09-01-05,DEP,Noise,"Noise, Barking Dog (NR5)",10028,1535 1 AVENUE,NEW YORK,MANHATTAN,40.77319993,-73.95206811
12846922,09-01-04,DEP,Noise,"Noise, Barking Dog (NR5)",10026,320 WEST 115 STREET,NEW YORK,MANHATTAN,40.80400856,-73.95651047
12846952,09-01-04,DEP,Noise,"Noise, Barking Dog (NR5)",10011,135 WEST 23 STREET,NEW YORK,MANHATTAN,40.74338535,-73.99391556
12846996,09-01-04,DEP,Noise,"Noise, Barking Dog (NR5)",10028,450 EAST 85 STREET,NEW YORK,MANHATTAN,40.77570718,-73.94873377
12871615,09-01-07,DEP,Noise,"Noise, Barking Dog (NR5)",10014,130 BARROW STREET,NEW YORK,MANHATTAN,40.73194225,-74.00944261
12896651,09-01-10,DEP,Noise,"Noise, Barking Dog (NR5)",10025,125 MANHATTAN AVENUE,NEW YORK,MANHATTAN,40.79814498,-73.96187778
12888903,09-01-09,DEP,Noise,"Noise, Barking Dog (NR5)",10004,21 WEST STREET,NEW YORK,MANHATTAN,40.70654422,-74.01631719
12888910,09-01-09,DEP,Noise,"Noise, Barking Dog (NR5)",10003,111 3 AVENUE,NEW YORK,MANHATTAN,40.73282302,-73.98750831
12879742,09-01-08,DEP,Noise,"Noise, Barking Dog (NR5)",10032,517 WEST 173 STREET,NEW YORK,MANHATTAN,40.84321237,-73.93526939
12879745,09-01-08,DEP,Noise,"Noise, Barking Dog (NR5)",10026,51 WEST 119 STREET,NEW YORK,MANHATTAN,40.80327432,-73.94663561
12879749,09-01-08,DEP,Noise,"Noise, Barking Dog (NR5)",10024,226 WEST 78 STREET,NEW YORK,MANHATTAN,40.78282841,-73.9796993
12889382,09-01-09,DEP,Noise,"Noise, Barking Dog (NR5)",10024,313 WEST 77 STREET,NEW YORK,MANHATTAN,40.78321039,-73.9825374
12901490,09-01-11,DEP,Noise,"Noise, Barking Dog (NR5)",10036,560 WEST 43 STREET,NEW YORK,MANHATTAN,40.76109731,-73.996892
12889054,09-01-09,DEP,Noise,"Noise, Barking Dog (NR5)",10002,174 RIVINGTON STREET,NEW YORK,MANHATTAN,40.71892321,-73.98452032
12908701,09-01-12,DEP,Noise,"Noise, Barking Dog (NR5)",10028,450 EAST 85 STREET,NEW YORK,MANHATTAN,40.77570718,-73.94873377
12908702,09-01-12,DEP,Noise,"Noise, Barking Dog (NR5)",10022,1057 1 AVENUE,NEW YORK,MANHATTAN,40.75874179,-73.96262225
12916771,09-01-13,DEP,Noise,"Noise, Barking Dog (NR5)",10012,14 PRINCE STREET,NEW YORK,MANHATTAN,40.72265971,-73.99402568
12916640,09-01-13,DEP,Noise,"Noise, Barking Dog (NR5)",10036,560 WEST 43 STREET,NEW YORK,MANHATTAN,40.76109731,-73.996892
12937659,09-01-15,DEP,Noise,"Noise, Barking Dog (NR5)",10040,4580 BROADWAY,NEW YORK,MANHATTAN,40.86008433,-73.93099072
12937996,09-01-15,DEP,Noise,"Noise, Barking Dog (NR5)",10024,331 WEST 89 STREET,NEW YORK,MANHATTAN,40.79116371,-73.97725546
12949514,09-01-16,DEP,Noise,"Noise, Barking Dog (NR5)",10003,332 EAST 15 STREET,NEW YORK,MANHATTAN,40.73250958,-73.98322542
12949900,09-01-16,DEP,Noise,"Noise, Barking Dog (NR5)",10011,301 WEST 22 STREET,NEW YORK,MANHATTAN,40.74481552,-73.99939371
12959904,09-01-17,DEP,Noise,"Noise, Barking Dog (NR5)",10033,175 PINEHURST AVENUE,NEW YORK,MANHATTAN,40.85410221,-73.93818678
12949926,09-01-16,DEP,Noise,"Noise, Barking Dog (NR5)",10021,317 EAST 75 STREET,NEW YORK,MANHATTAN,40.7704953,-73.95631213
12949927,09-01-16,DEP,Noise,"Noise, Barking Dog (NR5)",10011,255 WEST 14 STREET,NEW YORK,MANHATTAN,40.7392025,-74.00119805
12965493,09-01-18,DEP,Noise,"Noise, Barking Dog (NR5)",10003,332 EAST 15 STREET,NEW YORK,MANHATTAN,40.73250958,-73.98322542
12965529,09-01-18,DEP,Noise,"Noise, Barking Dog (NR5)",10037,10 WEST 135 STREET,NEW YORK,MANHATTAN,40.81298094,-73.93821053
12971375,09-01-19,DEP,Noise,"Noise, Barking Dog (NR5)",10012,14 PRINCE STREET,NEW YORK,MANHATTAN,40.72265971,-73.99402568
12965142,09-01-18,DEP,Noise,"Noise, Barking Dog (NR5)",10023,160 WEST 71 STREET,NEW YORK,MANHATTAN,40.777416,-73.9809033
12980792,09-01-20,DEP,Noise,"Noise, Barking Dog (NR5)",10028,520 EAST 81 STREET,NEW YORK,MANHATTAN,40.77240803,-73.94879046
12971942,09-01-19,DEP,Noise,"Noise, Barking Dog (NR5)",10035,1707 PARK AVENUE,NEW YORK,MANHATTAN,40.80157013,-73.94155856
12989968,09-01-21,DEP,Noise,"Noise, Barking Dog (NR5)",10010,234 EAST 25 STREET,NEW YORK,MANHATTAN,40.73973622,-73.98133631
12990907,09-01-21,DEP,Noise,"Noise, Barking Dog (NR5)",10011,162 WEST 13 STREET,NEW YORK,MANHATTAN,40.73737175,-73.99902932
12999182,09-01-22,DEP,Noise,"Noise, Barking Dog (NR5)",10019,105 WEST 55 STREET,NEW YORK,MANHATTAN,40.76324726,-73.97864036
13000240,09-01-22,DEP,Noise,"Noise, Barking Dog (NR5)",10029,210 EAST 102 STREET,NEW YORK,MANHATTAN,40.78881486,-73.94615245
13019693,09-01-25,DEP,Noise,"Noise, Barking Dog (NR5)",10128,1562 3 AVENUE,NEW YORK,MANHATTAN,40.779925,-73.95319345
13019712,09-01-25,DEP,Noise,"Noise, Barking Dog (NR5)",10024,331 WEST 89 STREET,NEW YORK,MANHATTAN,40.79116371,-73.97725546
12999631,09-01-22,DEP,Noise,"Noise, Barking Dog (NR5)",10002,70 PITT STREET,NEW YORK,MANHATTAN,40.71793758,-73.98266633
13019961,09-01-25,DEP,Noise,"Noise, Barking Dog (NR5)",10003,332 EAST 19 STREET,NEW YORK,MANHATTAN,40.73504551,-73.98179949
13013568,09-01-24,DEP,Noise,"Noise, Barking Dog (NR5)",10075,151 EAST 80 STREET,NEW YORK,MANHATTAN,40.77548037,-73.95799498
13027687,09-01-26,DEP,Noise,"Noise, Barking Dog (NR5)",10004,66 PEARL STREET,NEW YORK,MANHATTAN,40.7036107,-74.01093175
13026858,09-01-26,DEP,Noise,"Noise, Barking Dog (NR5)",10013,379 BROOME STREET,NEW YORK,MANHATTAN,40.72035147,-73.99647903
13028553,09-01-26,DEP,Noise,"Noise, Barking Dog (NR5)",10011,108 WEST 15 STREET,NEW YORK,MANHATTAN,40.73828572,-73.99693275
13037876,09-01-27,DEP,Noise,"Noise, Barking Dog (NR5)",10021,310 EAST 74 STREET,NEW YORK,MANHATTAN,40.76989168,-73.95688294
13037902,09-01-27,DEP,Noise,"Noise, Barking Dog (NR5)",10014,130 BARROW STREET,NEW YORK,MANHATTAN,40.73194225,-74.00944261
13037917,09-01-27,DEP,Noise,"Noise, Barking Dog (NR5)",10128,530 EAST 90 STREET,NEW YORK,MANHATTAN,40.7781178,-73.94440631
13038061,09-01-27,DEP,Noise,"Noise, Barking Dog (NR5)",10128,135 EAST 91 STREET,NEW YORK,MANHATTAN,40.78283183,-73.95359222
13037751,09-01-27,DEP,Noise,"Noise, Barking Dog (NR5)",10033,500 FT WASHINGTON AVENUE,NEW YORK,MANHATTAN,40.85188708,-73.93789967
13062132,09-01-30,DEP,Noise,"Noise, Barking Dog (NR5)",10028,450 EAST 85 STREET,NEW YORK,MANHATTAN,40.77570718,-73.94873377
13062059,09-01-30,DEP,Noise,"Noise, Barking Dog (NR5)",10036,590 5 AVENUE,NEW YORK,MANHATTAN,40.75706603,-73.978285
13053974,09-01-29,DEP,Noise,"Noise, Barking Dog (NR5)",10033,175 PINEHURST AVENUE,NEW YORK,MANHATTAN,40.85410221,-73.93818678
13062022,09-01-30,DEP,Noise,"Noise, Barking Dog (NR5)",10011,364 WEST 15 STREET,NEW YORK,MANHATTAN,40.74116494,-74.00374942
13062137,09-01-30,DEP,Noise,"Noise, Barking Dog (NR5)",10003,332 EAST 19 STREET,NEW YORK,MANHATTAN,40.73504551,-73.98179949
13061945,09-01-30,DEP,Noise,"Noise, Barking Dog (NR5)",10009,24 AVENUE C,NEW YORK,MANHATTAN,40.72136823,-73.98082195
13062454,09-01-30,DEP,Noise,"Noise, Barking Dog (NR5)",10038,99 JOHN STREET,NEW YORK,MANHATTAN,40.70800542,-74.00616417
13073688,09-02-01,DEP,Noise,"Noise, Barking Dog (NR5)",10025,329 WEST 101 STREET,NEW YORK,MANHATTAN,40.7986967,-73.97145234
13073829,09-02-01,DEP,Noise,"Noise, Barking Dog (NR5)",10019,328 WEST 49 STREET,NEW YORK,MANHATTAN,40.76207107,-73.98756058
13062460,09-01-30,DEP,Noise,"Noise, Barking Dog (NR5)",10011,357 WEST 22 STREET,NEW YORK,MANHATTAN,40.74529311,-74.0005269
13062485,09-01-30,DEP,Noise,"Noise, Barking Dog (NR5)",10023,47 WEST 71 STREET,NEW YORK,MANHATTAN,40.77611169,-73.9778058
13069234,09-01-31,DEP,Noise,"Noise, Barking Dog (NR5)",10003,237 EAST 20 STREET,NEW YORK,MANHATTAN,40.73645654,-73.98328577
13068896,09-01-31,DEP,Noise,"Noise, Barking Dog (NR5)",10027,545 WEST 133 STREET,NEW YORK,MANHATTAN,40.81825848,-73.9547453
13081767,09-02-02,DEP,Noise,"Noise, Barking Dog (NR5)",10002,139 ESSEX STREET,NEW YORK,MANHATTAN,40.72025476,-73.98733751
13088044,09-02-03,DEP,Noise,"Noise, Barking Dog (NR5)",10026,2053 8 AVENUE,NEW YORK,MANHATTAN,40.80148928,-73.95751985
13081792,09-02-02,DEP,Noise,"Noise, Barking Dog (NR5)",10001,430 WEST 34 STREET,NEW YORK,MANHATTAN,40.75381552,-73.99735434
13087956,09-02-03,DEP,Noise,"Noise, Barking Dog (NR5)",10002,70 PITT STREET,NEW YORK,MANHATTAN,40.71793758,-73.98266633
13079957,09-02-02,DEP,Noise,"Noise, Barking Dog (NR5)",10001,430 WEST 34 STREET,NEW YORK,MANHATTAN,40.75381552,-73.99735434
13089968,09-02-03,DEP,Noise,"Noise, Barking Dog (NR5)",10002,95 BARUCH DRIVE,NEW YORK,MANHATTAN,40.71858994,-73.97751832
13090006,09-02-03,DEP,Noise,"Noise, Barking Dog (NR5)",10027,42 WEST 120 STREET,NEW YORK,MANHATTAN,40.80377352,-73.94590918
13106532,09-02-05,DEP,Noise,"Noise, Barking Dog (NR5)",10016,330 EAST 38 STREET,NEW YORK,MANHATTAN,40.74674185,-73.97274136
13097197,09-02-04,DEP,Noise,"Noise, Barking Dog (NR5)",10009,170 EAST 3 STREET,NEW YORK,MANHATTAN,40.72323245,-73.98431729
13096905,09-02-04,DEP,Noise,"Noise, Barking Dog (NR5)",10026,51 WEST 119 STREET,NEW YORK,MANHATTAN,40.80327432,-73.94663561
13122863,09-02-07,DEP,Noise,"Noise, Barking Dog (NR5)",10024,122 WEST 81 STREET,NEW YORK,MANHATTAN,40.78360983,-73.97541283
13122345,09-02-07,DEP,Noise,"Noise, Barking Dog (NR5)",10128,1650 3 AVENUE,NEW YORK,MANHATTAN,40.78289664,-73.95101757
13106363,09-02-05,DEP,Noise,"Noise, Barking Dog (NR5)",10024,200 WEST 79 STREET,NEW YORK,MANHATTAN,40.78323717,-73.97856534
13106389,09-02-05,DEP,Noise,"Noise, Barking Dog (NR5)",10014,204 WEST 10 STREET,NEW YORK,MANHATTAN,40.73410269,-74.00390418
13117991,09-02-06,DEP,Noise,"Noise, Barking Dog (NR5)",10024,331 WEST 89 STREET,NEW YORK,MANHATTAN,40.79116371,-73.97725546
13133572,09-02-09,DEP,Noise,"Noise, Barking Dog (NR5)",10023,228 WEST 63 STREET,NEW YORK,MANHATTAN,40.77379389,-73.98790861
13133011,09-02-09,DEP,Noise,"Noise, Barking Dog (NR5)",10007,110 DUANE STREET,NEW YORK,MANHATTAN,40.71561664,-74.0062803
13126802,09-02-08,DEP,Noise,"Noise, Barking Dog (NR5)",10011,250 WEST 14 STREET,NEW YORK,MANHATTAN,40.73915309,-74.00112587
13149543,09-02-11,DEP,Noise,"Noise, Barking Dog (NR5)",10011,220 WEST 24 STREET,NEW YORK,MANHATTAN,40.74510365,-73.99600135
13149547,09-02-11,DEP,Noise,"Noise, Barking Dog (NR5)",10024,331 WEST 89 STREET,NEW YORK,MANHATTAN,40.79116371,-73.97725546
13141794,09-02-10,DEP,Noise,"Noise, Barking Dog (NR5)",10023,15 WEST 75 STREET,NEW YORK,MANHATTAN,40.77847439,-73.9752378
13141800,09-02-10,DEP,Noise,"Noise, Barking Dog (NR5)",10009,170 EAST 3 STREET,NEW YORK,MANHATTAN,40.72323245,-73.98431729
13142052,09-02-10,DEP,Noise,"Noise, Barking Dog (NR5)",10031,619 WEST 140 STREET,NEW YORK,MANHATTAN,40.82354153,-73.95340485
13158198,09-02-12,DEP,Noise,"Noise, Barking Dog (NR5)",10025,838 WEST END AVENUE,NEW YORK,MANHATTAN,40.79834799,-73.97093962
13158361,09-02-12,DEP,Noise,"Noise, Barking Dog (NR5)",10003,216 EAST 17 STREET,NEW YORK,MANHATTAN,40.73491699,-73.98513002
13165604,09-02-13,DEP,Noise,"Noise, Barking Dog (NR5)",10030,634 ST NICHOLAS AVENUE,NEW YORK,MANHATTAN,40.8219682,-73.9457318
13165786,09-02-13,DEP,Noise,"Noise, Barking Dog (NR5)",10039,210R WEST 153 STREET,NEW YORK,MANHATTAN,40.82682121,-73.93574061
13166143,09-02-13,DEP,Noise,"Noise, Barking Dog (NR5)",10019,445 WEST 49 STREET,NEW YORK,MANHATTAN,40.76342178,-73.99071537
13165866,09-02-13,DEP,Noise,"Noise, Barking Dog (NR5)",10065,7 EAST 67 STREET,NEW YORK,MANHATTAN,40.76905838,-73.96883682
13175401,09-02-15,DEP,Noise,"Noise, Barking Dog (NR5)",10019,400 WEST 50 STREET,NEW YORK,MANHATTAN,40.76365771,-73.98937607
13175461,09-02-15,DEP,Noise,"Noise, Barking Dog (NR5)",10039,67 MACOMBS PLACE,NEW YORK,MANHATTAN,40.82696199,-73.93718581
13175563,09-02-15,DEP,Noise,"Noise, Barking Dog (NR5)",10003,58 EAST 1 STREET,NEW YORK,MANHATTAN,40.72367768,-73.98938966
13171519,09-02-14,DEP,Noise,"Noise, Barking Dog (NR5)",10038,33 GOLD STREET,NEW YORK,MANHATTAN,40.70852967,-74.00618946
13175633,09-02-15,DEP,Noise,"Noise, Barking Dog (NR5)",10009,132 AVENUE D,NEW YORK,MANHATTAN,40.72445232,-73.97545991
13166059,09-02-13,DEP,Noise,"Noise, Barking Dog (NR5)",10011,301 WEST 22 STREET,NEW YORK,MANHATTAN,40.74481552,-73.99939371
13180190,09-02-16,DEP,Noise,"Noise, Barking Dog (NR5)",10024,203 WEST 90 STREET,NEW YORK,MANHATTAN,40.79035593,-73.9733916
13180863,09-02-16,DEP,Noise,"Noise, Barking Dog (NR5)",10009,516 EAST 11 STREET,NEW YORK,MANHATTAN,40.72818078,-73.9811844
13180937,09-02-16,DEP,Noise,"Noise, Barking Dog (NR5)",10031,619 WEST 140 STREET,NEW YORK,MANHATTAN,40.82354153,-73.95340485
13175661,09-02-15,DEP,Noise,"Noise, Barking Dog (NR5)",10011,455 WEST 23 STREET,NEW YORK,MANHATTAN,40.74714029,-74.0028439
13175662,09-02-15,DEP,Noise,"Noise, Barking Dog (NR5)",10002,70 PITT STREET,NEW YORK,MANHATTAN,40.71793758,-73.98266633
13195416,09-02-18,DEP,Noise,"Noise, Barking Dog (NR5)",10002,60 BARUCH DRIVE,NEW YORK,MANHATTAN,40.71621576,-73.97772113
13203803,09-02-19,DEP,Noise,"Noise, Barking Dog (NR5)",10004,21 WEST STREET,NEW YORK,MANHATTAN,40.70654422,-74.01631719
13202245,09-02-19,DEP,Noise,"Noise, Barking Dog (NR5)",10032,570 WEST 172 STREET,NEW YORK,MANHATTAN,40.84319426,-73.93727168
13203923,09-02-19,DEP,Noise,"Noise, Barking Dog (NR5)",10026,2059 8 AVENUE,NEW YORK,MANHATTAN,40.80160727,-73.95743309
13188581,09-02-17,DEP,Noise,"Noise, Barking Dog (NR5)",10128,530 EAST 88 STREET,NEW YORK,MANHATTAN,40.77686115,-73.94531724
13189038,09-02-17,DEP,Noise,"Noise, Barking Dog (NR5)",10026,2053 8 AVENUE,NEW YORK,MANHATTAN,40.80148928,-73.95751985
13212518,09-02-20,DEP,Noise,"Noise, Barking Dog (NR5)",10031,640 RIVERSIDE DRIVE,NEW YORK,MANHATTAN,40.82462596,-73.95405446
13212428,09-02-20,DEP,Noise,"Noise, Barking Dog (NR5)",10029,230 EAST 115 STREET,NEW YORK,MANHATTAN,40.79690039,-73.93969903
13212278,09-02-20,DEP,Noise,"Noise, Barking Dog (NR5)",10001,319 WEST 29 STREET,NEW YORK,MANHATTAN,40.74939096,-73.99653524
13228519,09-02-23,DEP,Noise,"Noise, Barking Dog (NR5)",10009,516 EAST 5 STREET,NEW YORK,MANHATTAN,40.72459653,-73.98379384
13228685,09-02-23,DEP,Noise,"Noise, Barking Dog (NR5)",10038,99 JOHN STREET,NEW YORK,MANHATTAN,40.70800542,-74.00616417
13229207,09-02-23,DEP,Noise,"Noise, Barking Dog (NR5)",10026,2059 8 AVENUE,NEW YORK,MANHATTAN,40.80160727,-73.95743309
13229227,09-02-23,DEP,Noise,"Noise, Barking Dog (NR5)",10463,10 ADRIAN AVENUE,NEW YORK,MANHATTAN,40.87605944,-73.9122324
13228663,09-02-23,DEP,Noise,"Noise, Barking Dog (NR5)",10025,109 WEST 106 STREET,NEW YORK,MANHATTAN,40.7994959,-73.96345538
13204327,09-02-19,DEP,Noise,"Noise, Barking Dog (NR5)",10027,2335 8 AVENUE,NEW YORK,MANHATTAN,40.81041803,-73.95100093
13218291,09-02-21,DEP,Noise,"Noise, Barking Dog (NR5)",10031,614 WEST 148 STREET,NEW YORK,MANHATTAN,40.82851329,-73.9494519
13218631,09-02-21,DEP,Noise,"Noise, Barking Dog (NR5)",10011,357 WEST 22 STREET,NEW YORK,MANHATTAN,40.74529311,-74.0005269
13218658,09-02-21,DEP,Noise,"Noise, Barking Dog (NR5)",10012,14 PRINCE STREET,NEW YORK,MANHATTAN,40.72265971,-73.99402568
13218694,09-02-21,DEP,Noise,"Noise, Barking Dog (NR5)",10031,640 RIVERSIDE DRIVE,NEW YORK,MANHATTAN,40.82462596,-73.95405446
13237528,09-02-24,DEP,Noise,"Noise, Barking Dog (NR5)",10026,2043 8 AVENUE,NEW YORK,MANHATTAN,40.80117647,-73.95775121
13221438,09-02-22,DEP,Noise,"Noise, Barking Dog (NR5)",10009,126 ST MARK'S PLACE,NEW YORK,MANHATTAN,40.72723158,-73.98445345
13221442,09-02-22,DEP,Noise,"Noise, Barking Dog (NR5)",10075,443 EAST 78 STREET,NEW YORK,MANHATTAN,40.77123198,-73.95214896
13252990,09-02-26,DEP,Noise,"Noise, Barking Dog (NR5)",10028,156 EAST 85 STREET,NEW YORK,MANHATTAN,40.77858651,-73.95556662
13258908,09-02-27,DEP,Noise,"Noise, Barking Dog (NR5)",10022,405 EAST 56 STREET,NEW YORK,MANHATTAN,40.75747659,-73.96300197
13259023,09-02-27,DEP,Noise,"Noise, Barking Dog (NR5)",10022,405 EAST 56 STREET,NEW YORK,MANHATTAN,40.75747659,-73.96300197
13259051,09-02-27,DEP,Noise,"Noise, Barking Dog (NR5)",10028,315 EAST 86 STREET,NEW YORK,MANHATTAN,40.77763229,-73.9511442
13246188,09-02-25,DEP,Noise,"Noise, Barking Dog (NR5)",10022,405 EAST 56 STREET,NEW YORK,MANHATTAN,40.75747659,-73.96300197
13253143,09-02-26,DEP,Noise,"Noise, Barking Dog (NR5)",10009,515 EAST 14 STREET,NEW YORK,MANHATTAN,40.73019793,-73.97975503
13252795,09-02-26,DEP,Noise,"Noise, Barking Dog (NR5)",10001,319 WEST 29 STREET,NEW YORK,MANHATTAN,40.74939096,-73.99653524
13245552,09-02-25,DEP,Noise,"Noise, Barking Dog (NR5)",10028,25 EAST 86 STREET,NEW YORK,MANHATTAN,40.78110484,-73.95938161
13244670,09-02-25,DEP,Noise,"Noise, Barking Dog (NR5)",10006,88 GREENWICH STREET,NEW YORK,MANHATTAN,40.7077303,-74.01370611
13246268,09-02-25,DEP,Noise,"Noise, Barking Dog (NR5)",10034,144 SEAMAN AVENUE,NEW YORK,MANHATTAN,40.86902392,-73.92252089
13252440,09-02-26,DEP,Noise,"Noise, Barking Dog (NR5)",10022,405 EAST 56 STREET,NEW YORK,MANHATTAN,40.75747659,-73.96300197
13286563,09-03-03,DEP,Noise,"Noise, Barking Dog (NR5)",10012,290 ELIZABETH STREET,NEW YORK,MANHATTAN,40.72478137,-73.99330394
13265383,09-02-28,DEP,Noise,"Noise, Barking Dog (NR5)",10014,121 WASHINGTON PLACE,NEW YORK,MANHATTAN,40.73276056,-74.00139999
13284619,09-03-03,DEP,Noise,"Noise, Barking Dog (NR5)",10011,225 WEST 23 STREET,NEW YORK,MANHATTAN,40.74448884,-73.99655354
13276638,09-03-02,DEP,Noise,"Noise, Barking Dog (NR5)",10011,520 WEST 19 STREET,NEW YORK,MANHATTAN,40.74547407,-74.0065574
13260342,09-02-27,DEP,Noise,"Noise, Barking Dog (NR5)",10038,14 MAIDEN LANE,NEW YORK,MANHATTAN,40.70948189,-74.00938532
13302177,09-03-05,DEP,Noise,"Noise, Barking Dog (NR5)",10023,31 WEST 70 STREET,NEW YORK,MANHATTAN,40.77535143,-73.97793964
13302563,09-03-05,DEP,Noise,"Noise, Barking Dog (NR5)",10012,180 THOMPSON STREET,NEW YORK,MANHATTAN,40.72789686,-74.00010463
13284260,09-03-03,DEP,Noise,"Noise, Barking Dog (NR5)",10014,780 GREENWICH STREET,NEW YORK,MANHATTAN,40.73675949,-74.00655654
13284282,09-03-03,DEP,Noise,"Noise, Barking Dog (NR5)",10023,345 WEST 70 STREET,NEW YORK,MANHATTAN,40.77918172,-73.98710966
13295657,09-03-04,DEP,Noise,"Noise, Barking Dog (NR5)",10011,43 WEST 13 STREET,NEW YORK,MANHATTAN,40.73593067,-73.99556528
13302799,09-03-05,DEP,Noise,"Noise, Barking Dog (NR5)",10011,319 WEST 22 STREET,NEW YORK,MANHATTAN,40.74496923,-73.9997582
13315038,09-03-07,DEP,Noise,"Noise, Barking Dog (NR5)",10021,128 EAST 74 STREET,NEW YORK,MANHATTAN,40.77197393,-73.96182777
13314852,09-03-07,DEP,Noise,"Noise, Barking Dog (NR5)",10011,101 WEST 15 STREET,NEW YORK,MANHATTAN,40.73823082,-73.99675955
13301931,09-03-05,DEP,Noise,"Noise, Barking Dog (NR5)",10017,320 EAST 42 STREET,NEW YORK,MANHATTAN,40.74954945,-73.97157085
13318568,09-03-08,DEP,Noise,"Noise, Barking Dog (NR5)",10128,303 EAST 90 STREET,NEW YORK,MANHATTAN,40.78028025,-73.94948851
13318572,09-03-08,DEP,Noise,"Noise, Barking Dog (NR5)",10026,2059 8 AVENUE,NEW YORK,MANHATTAN,40.80160727,-73.95743309
13309920,09-03-06,DEP,Noise,"Noise, Barking Dog (NR5)",10026,2059 8 AVENUE,NEW YORK,MANHATTAN,40.80160727,-73.95743309
13302128,09-03-05,DEP,Noise,"Noise, Barking Dog (NR5)",10027,55 WEST 129 STREET,NEW YORK,MANHATTAN,40.80967556,-73.94208247
13318462,09-03-08,DEP,Noise,"Noise, Barking Dog (NR5)",10012,396 WEST BROADWAY,NEW YORK,MANHATTAN,40.72412829,-74.00230175
13302713,09-03-05,DEP,Noise,"Noise, Barking Dog (NR5)",10039,129 WEST 147 STREET,NEW YORK,MANHATTAN,40.82218022,-73.93633041
13314617,09-03-07,DEP,Noise,"Noise, Barking Dog (NR5)",10463,157 WEST 228 STREET,NEW YORK,MANHATTAN,40.87739379,-73.90923653
13326583,09-03-09,DEP,Noise,"Noise, Barking Dog (NR5)",10031,465 WEST 147 STREET,NEW YORK,MANHATTAN,40.82618412,-73.94581508
13326584,09-03-09,DEP,Noise,"Noise, Barking Dog (NR5)",10031,467 WEST 147 STREET,NEW YORK,MANHATTAN,40.82620061,-73.9458512
13315192,09-03-07,DEP,Noise,"Noise, Barking Dog (NR5)",10026,2059 8 AVENUE,NEW YORK,MANHATTAN,40.80160727,-73.95743309
13310298,09-03-06,DEP,Noise,"Noise, Barking Dog (NR5)",10026,2059 8 AVENUE,NEW YORK,MANHATTAN,40.80160727,-73.95743309
13326730,09-03-09,DEP,Noise,"Noise, Barking Dog (NR5)",10021,310 EAST 74 STREET,NEW YORK,MANHATTAN,40.76989168,-73.95688294
13333200,09-03-10,DEP,Noise,"Noise, Barking Dog (NR5)",10002,25 MONTGOMERY STREET,NEW YORK,MANHATTAN,40.71343376,-73.9850771
13342391,09-03-11,DEP,Noise,"Noise, Barking Dog (NR5)",10028,423 EAST 81 STREET,NEW YORK,MANHATTAN,40.7732735,-73.95079719
13342355,09-03-11,DEP,Noise,"Noise, Barking Dog (NR5)",10028,1100 MADISON AVENUE,NEW YORK,MANHATTAN,40.77850598,-73.96054584
13334357,09-03-10,DEP,Noise,"Noise, Barking Dog (NR5)",10009,192 AVENUE B,NEW YORK,MANHATTAN,40.72796359,-73.9791171
13363062,09-03-14,DEP,Noise,"Noise, Barking Dog (NR5)",10009,132 AVENUE D,NEW YORK,MANHATTAN,40.72445232,-73.97545991
13349839,09-03-12,DEP,Noise,"Noise, Barking Dog (NR5)",10023,75 WEST END AVENUE,NEW YORK,MANHATTAN,40.77441975,-73.98841757
13349858,09-03-12,DEP,Noise,"Noise, Barking Dog (NR5)",10032,35 FT WASHINGTON AVENUE,NEW YORK,MANHATTAN,40.83648717,-73.94454184
13357269,09-03-13,DEP,Noise,"Noise, Barking Dog (NR5)",10034,1793 RIVERSIDE DRIVE,NEW YORK,MANHATTAN,40.86650941,-73.93055743
13342065,09-03-11,DEP,Noise,"Noise, Barking Dog (NR5)",10011,225 WEST 23 STREET,NEW YORK,MANHATTAN,40.74448884,-73.99655354
13342115,09-03-11,DEP,Noise,"Noise, Barking Dog (NR5)",10019,411 WEST 50 STREET,NEW YORK,MANHATTAN,40.76375654,-73.98957099
13349137,09-03-12,DEP,Noise,"Noise, Barking Dog (NR5)",10027,116 WEST 121 STREET,NEW YORK,MANHATTAN,40.80553666,-73.94814368
13363490,09-03-14,DEP,Noise,"Noise, Barking Dog (NR5)",10033,1380 RIVERSIDE DRIVE,NEW YORK,MANHATTAN,40.85218536,-73.94143818
13380888,09-03-17,DEP,Noise,"Noise, Barking Dog (NR5)",10026,2059 8 AVENUE,NEW YORK,MANHATTAN,40.80160727,-73.95743309
13366591,09-03-15,DEP,Noise,"Noise, Barking Dog (NR5)",10019,247 WEST 55 STREET,NEW YORK,MANHATTAN,40.76497713,-73.982766
13381001,09-03-17,DEP,Noise,"Noise, Barking Dog (NR5)",10026,2059 8 AVENUE,NEW YORK,MANHATTAN,40.80160727,-73.95743309
13366828,09-03-15,DEP,Noise,"Noise, Barking Dog (NR5)",10037,2140 MADISON AVENUE,NEW YORK,MANHATTAN,40.81141554,-73.93652133
13366872,09-03-15,DEP,Noise,"Noise, Barking Dog (NR5)",10030,319 WEST 134 STREET,NEW YORK,MANHATTAN,40.81598823,-73.94739493
13374765,09-03-16,DEP,Noise,"Noise, Barking Dog (NR5)",10035,1707 PARK AVENUE,NEW YORK,MANHATTAN,40.80157013,-73.94155856
13389650,09-03-18,DEP,Noise,"Noise, Barking Dog (NR5)",10021,310 EAST 74 STREET,NEW YORK,MANHATTAN,40.76989168,-73.95688294
13380330,09-03-17,DEP,Noise,"Noise, Barking Dog (NR5)",10023,75 WEST END AVENUE,NEW YORK,MANHATTAN,40.77441975,-73.98841757
13380379,09-03-17,DEP,Noise,"Noise, Barking Dog (NR5)",10014,204 WEST 10 STREET,NEW YORK,MANHATTAN,40.73410269,-74.00390418
13380442,09-03-17,DEP,Noise,"Noise, Barking Dog (NR5)",10128,303 EAST 90 STREET,NEW YORK,MANHATTAN,40.78028025,-73.94948851
13381193,09-03-17,DEP,Noise,"Noise, Barking Dog (NR5)",10011,205 WEST 13 STREET,NEW YORK,MANHATTAN,40.73804971,-74.00059901
13389379,09-03-18,DEP,Noise,"Noise, Barking Dog (NR5)",10022,405 EAST 56 STREET,NEW YORK,MANHATTAN,40.75747659,-73.96300197
13397267,09-03-19,DEP,Noise,"Noise, Barking Dog (NR5)",10009,170 EAST 3 STREET,NEW YORK,MANHATTAN,40.72323245,-73.98431729
13404942,09-03-20,DEP,Noise,"Noise, Barking Dog (NR5)",10012,280 MULBERRY STREET,NEW YORK,MANHATTAN,40.72441092,-73.99516919
13398382,09-03-19,DEP,Noise,"Noise, Barking Dog (NR5)",10004,21 WEST STREET,NEW YORK,MANHATTAN,40.70654422,-74.01631719
13404087,09-03-20,DEP,Noise,"Noise, Barking Dog (NR5)",10038,99 JOHN STREET,NEW YORK,MANHATTAN,40.70800542,-74.00616417
13396920,09-03-19,DEP,Noise,"Noise, Barking Dog (NR5)",10025,420 CENTRAL PARK WEST,NEW YORK,MANHATTAN,40.79557865,-73.96184313
13396933,09-03-19,DEP,Noise,"Noise, Barking Dog (NR5)",10025,420 CENTRAL PARK WEST,NEW YORK,MANHATTAN,40.79557865,-73.96184313
13396935,09-03-19,DEP,Noise,"Noise, Barking Dog (NR5)",10024,212 WEST 91 STREET,NEW YORK,MANHATTAN,40.79110247,-73.97326129
13420260,09-03-23,DEP,Noise,"Noise, Barking Dog (NR5)",10025,50 MANHATTAN AVENUE,NEW YORK,MANHATTAN,40.79618021,-73.96326939
13422415,09-03-23,DEP,Noise,"Noise, Barking Dog (NR5)",10128,405 EAST 90 STREET,NEW YORK,MANHATTAN,40.7792746,-73.94709896
13429146,09-03-24,DEP,Noise,"Noise, Barking Dog (NR5)",10025,50 MANHATTAN AVENUE,NEW YORK,MANHATTAN,40.79618021,-73.96326939
13420330,09-03-23,DEP,Noise,"Noise, Barking Dog (NR5)",10025,50 MANHATTAN AVENUE,NEW YORK,MANHATTAN,40.79618021,-73.96326939
13410812,09-03-21,DEP,Noise,"Noise, Barking Dog (NR5)",10025,50 MANHATTAN AVENUE,NEW YORK,MANHATTAN,40.79618021,-73.96326939
13414265,09-03-22,DEP,Noise,"Noise, Barking Dog (NR5)",10017,160 EAST 48 STREET,NEW YORK,MANHATTAN,40.75494312,-73.9725864
13410895,09-03-21,DEP,Noise,"Noise, Barking Dog (NR5)",10065,319 EAST 61 STREET,NEW YORK,MANHATTAN,40.76151123,-73.96258099
13410910,09-03-21,DEP,Noise,"Noise, Barking Dog (NR5)",10011,250 WEST 14 STREET,NEW YORK,MANHATTAN,40.73915309,-74.00112587
13410944,09-03-21,DEP,Noise,"Noise, Barking Dog (NR5)",10037,29 WEST 131 STREET,NEW YORK,MANHATTAN,40.81067937,-73.94058965
13429061,09-03-24,DEP,Noise,"Noise, Barking Dog (NR5)",10025,50 MANHATTAN AVENUE,NEW YORK,MANHATTAN,40.79618021,-73.96326939
13428464,09-03-24,DEP,Noise,"Noise, Barking Dog (NR5)",10021,241 EAST 76 STREET,NEW YORK,MANHATTAN,40.77192859,-73.95773366
13429126,09-03-24,DEP,Noise,"Noise, Barking Dog (NR5)",10011,357 WEST 22 STREET,NEW YORK,MANHATTAN,40.74529311,-74.0005269
13436955,09-03-25,DEP,Noise,"Noise, Barking Dog (NR5)",10001,430 WEST 34 STREET,NEW YORK,MANHATTAN,40.75381552,-73.99735434
13436966,09-03-25,DEP,Noise,"Noise, Barking Dog (NR5)",10026,2059 8 AVENUE,NEW YORK,MANHATTAN,40.80160727,-73.95743309
13456809,09-03-28,DEP,Noise,"Noise, Barking Dog (NR5)",10003,58 EAST 1 STREET,NEW YORK,MANHATTAN,40.72367768,-73.98938966
13456834,09-03-28,DEP,Noise,"Noise, Barking Dog (NR5)",10025,50 MANHATTAN AVENUE,NEW YORK,MANHATTAN,40.79618021,-73.96326939
13456865,09-03-28,DEP,Noise,"Noise, Barking Dog (NR5)",10023,75 WEST END AVENUE,NEW YORK,MANHATTAN,40.77441975,-73.98841757
13456869,09-03-28,DEP,Noise,"Noise, Barking Dog (NR5)",10014,34 BANK STREET,NEW YORK,MANHATTAN,40.73694628,-74.00292285
13443905,09-03-26,DEP,Noise,"Noise, Barking Dog (NR5)",10031,381 EDGECOMBE AVENUE,NEW YORK,MANHATTAN,40.82806445,-73.94064279
13450411,09-03-27,DEP,Noise,"Noise, Barking Dog (NR5)",10028,1593 YORK AVENUE,NEW YORK,MANHATTAN,40.77484772,-73.94792568
13459533,09-03-29,DEP,Noise,"Noise, Barking Dog (NR5)",10044,580 MAIN STREET,NEW YORK,MANHATTAN,40.76290864,-73.94914792
13459551,09-03-29,DEP,Noise,"Noise, Barking Dog (NR5)",10029,335 EAST 105 STREET,NEW YORK,MANHATTAN,40.7895649,-73.94199163
13455997,09-03-28,DEP,Noise,"Noise, Barking Dog (NR5)",10023,75 WEST END AVENUE,NEW YORK,MANHATTAN,40.77441975,-73.98841757
13480026,09-04-01,DEP,Noise,"Noise, Barking Dog (NR5)",10021,241 EAST 76 STREET,NEW YORK,MANHATTAN,40.77192859,-73.95773366
13467327,09-03-30,DEP,Noise,"Noise, Barking Dog (NR5)",10014,95 CHRISTOPHER STREET,NEW YORK,MANHATTAN,40.73336433,-74.00451754
13465536,09-03-30,DEP,Noise,"Noise, Barking Dog (NR5)",10030,312 WEST 142 STREET,NEW YORK,MANHATTAN,40.82103947,-73.94362979
13465589,09-03-30,DEP,Noise,"Noise, Barking Dog (NR5)",10011,205 WEST 13 STREET,NEW YORK,MANHATTAN,40.73804971,-74.00059901
13466679,09-03-30,DEP,Noise,"Noise, Barking Dog (NR5)",10027,408 WEST 128 STREET,NEW YORK,MANHATTAN,40.81308088,-73.9521297
13473347,09-03-31,DEP,Noise,"Noise, Barking Dog (NR5)",10034,195 NAGLE AVENUE,NEW YORK,MANHATTAN,40.861905,-73.92376198
13494332,09-04-03,DEP,Noise,"Noise, Barking Dog (NR5)",10021,241 EAST 76 STREET,NEW YORK,MANHATTAN,40.77192859,-73.95773366
13494429,09-04-03,DEP,Noise,"Noise, Barking Dog (NR5)",10025,50 MANHATTAN AVENUE,NEW YORK,MANHATTAN,40.79618021,-73.96326939
13510536,09-04-06,DEP,Noise,"Noise, Barking Dog (NR5)",10027,1430 AMSTERDAM AVENUE,NEW YORK,MANHATTAN,40.81655096,-73.95396249
13494613,09-04-03,DEP,Noise,"Noise, Barking Dog (NR5)",10012,180 THOMPSON STREET,NEW YORK,MANHATTAN,40.72789686,-74.00010463
13494938,09-04-03,DEP,Noise,"Noise, Barking Dog (NR5)",10039,101 WEST 147 STREET,NEW YORK,MANHATTAN,40.82196036,-73.93581034
13496188,09-04-03,DEP,Noise,"Noise, Barking Dog (NR5)",10028,1607 YORK AVENUE,NEW YORK,MANHATTAN,40.77508643,-73.94775218
13489484,09-04-02,DEP,Noise,"Noise, Barking Dog (NR5)",10023,110 WEST END AVENUE,NEW YORK,MANHATTAN,40.77510588,-73.98789032
13489340,09-04-02,DEP,Noise,"Noise, Barking Dog (NR5)",10023,110 WEST END AVENUE,NEW YORK,MANHATTAN,40.77510588,-73.98789032
13489434,09-04-02,DEP,Noise,"Noise, Barking Dog (NR5)",10023,110 WEST END AVENUE,NEW YORK,MANHATTAN,40.77510588,-73.98789032
13500752,09-04-04,DEP,Noise,"Noise, Barking Dog (NR5)",10013,111 WORTH STREET,NEW YORK,MANHATTAN,40.71582811,-74.00353877
13510337,09-04-06,DEP,Noise,"Noise, Barking Dog (NR5)",10009,132 AVENUE D,NEW YORK,MANHATTAN,40.72445232,-73.97545991
13510352,09-04-06,DEP,Noise,"Noise, Barking Dog (NR5)",10024,410 WEST END AVENUE,NEW YORK,MANHATTAN,40.78480481,-73.98081813
13504270,09-04-05,DEP,Noise,"Noise, Barking Dog (NR5)",10128,221 EAST 89 STREET,NEW YORK,MANHATTAN,40.7804844,-73.95191483
13504461,09-04-05,DEP,Noise,"Noise, Barking Dog (NR5)",10028,351 EAST 85 STREET,NEW YORK,MANHATTAN,40.77669354,-73.95103296
13517642,09-04-07,DEP,Noise,"Noise, Barking Dog (NR5)",10007,110 DUANE STREET,NEW YORK,MANHATTAN,40.71561664,-74.0062803
13521308,09-04-07,DEP,Noise,"Noise, Barking Dog (NR5)",10128,530 EAST 90 STREET,NEW YORK,MANHATTAN,40.7781178,-73.94440631
13535951,09-04-09,DEP,Noise,"Noise, Barking Dog (NR5)",10011,357 WEST 22 STREET,NEW YORK,MANHATTAN,40.74529311,-74.0005269
13518463,09-04-07,DEP,Noise,"Noise, Barking Dog (NR5)",10009,272 EAST 7 STREET,NEW YORK,MANHATTAN,40.72348933,-73.97747698
13511936,09-04-06,DEP,Noise,"Noise, Barking Dog (NR5)",10027,1430 AMSTERDAM AVENUE,NEW YORK,MANHATTAN,40.81655096,-73.95396249
13527537,09-04-08,DEP,Noise,"Noise, Barking Dog (NR5)",10031,527 WEST 150 STREET,NEW YORK,MANHATTAN,40.82884949,-73.94634047
13535870,09-04-09,DEP,Noise,"Noise, Barking Dog (NR5)",10014,360 WEST 11 STREET,NEW YORK,MANHATTAN,40.73540889,-74.00913639
13527189,09-04-08,DEP,Noise,"Noise, Barking Dog (NR5)",10032,641 WEST 170 STREET,NEW YORK,MANHATTAN,40.84286373,-73.94024286
13540722,09-04-10,DEP,Noise,"Noise, Barking Dog (NR5)",10002,158 STANTON STREET,NEW YORK,MANHATTAN,40.72040819,-73.98502143
13555074,09-04-13,DEP,Noise,"Noise, Barking Dog (NR5)",10075,443 EAST 78 STREET,NEW YORK,MANHATTAN,40.77123198,-73.95214896
13541604,09-04-10,DEP,Noise,"Noise, Barking Dog (NR5)",10037,29 WEST 131 STREET,NEW YORK,MANHATTAN,40.81067937,-73.94058965
13549424,09-04-12,DEP,Noise,"Noise, Barking Dog (NR5)",10282,,NEW YORK,MANHATTAN,40.71629909,-74.01643862
13549430,09-04-12,DEP,Noise,"Noise, Barking Dog (NR5)",10022,3 RIVERVIEW TERRACE,NEW YORK,MANHATTAN,40.75786788,-73.95941382
13549444,09-04-12,DEP,Noise,"Noise, Barking Dog (NR5)",10033,370 FT WASHINGTON AVENUE,NEW YORK,MANHATTAN,40.84752393,-73.93964229
13555544,09-04-13,DEP,Noise,"Noise, Barking Dog (NR5)",10027,240 WEST 129 STREET,NEW YORK,MANHATTAN,40.81174473,-73.9470587
13546457,09-04-11,DEP,Noise,"Noise, Barking Dog (NR5)",10027,408 WEST 128 STREET,NEW YORK,MANHATTAN,40.81308088,-73.9521297
13546467,09-04-11,DEP,Noise,"Noise, Barking Dog (NR5)",10013,36 LAIGHT STREET,NEW YORK,MANHATTAN,40.72188835,-74.00749667
13555695,09-04-13,DEP,Noise,"Noise, Barking Dog (NR5)",10065,420 EAST 66 STREET,NEW YORK,MANHATTAN,40.76370549,-73.95812875
13564211,09-04-14,DEP,Noise,"Noise, Barking Dog (NR5)",10016,221 EAST 32 STREET,NEW YORK,MANHATTAN,40.74416573,-73.97837942
13556029,09-04-13,DEP,Noise,"Noise, Barking Dog (NR5)",10001,430 WEST 34 STREET,NEW YORK,MANHATTAN,40.75381552,-73.99735434
13556191,09-04-13,DEP,Noise,"Noise, Barking Dog (NR5)",10011,24 5 AVENUE,NEW YORK,MANHATTAN,40.73305146,-73.99637733
15372295,09-11-25,DEP,Noise,"Noise, Barking Dog (NR5)",10011,343 WEST 21 STREET,NEW YORK,MANHATTAN,40.74455477,-74.00069651
13572011,09-04-15,DEP,Noise,"Noise, Barking Dog (NR5)",10016,214 EAST 32 STREET,NEW YORK,MANHATTAN,40.7441932,-73.97848768
13572344,09-04-15,DEP,Noise,"Noise, Barking Dog (NR5)",10011,154 WEST 15 STREET,NEW YORK,MANHATTAN,40.73867824,-73.99786735
13572382,09-04-15,DEP,Noise,"Noise, Barking Dog (NR5)",10021,416 EAST 73 STREET,NEW YORK,MANHATTAN,40.76822761,-73.95491288
15372366,09-11-25,DEP,Noise,"Noise, Barking Dog (NR5)",10040,35 HILLSIDE AVENUE,NEW YORK,MANHATTAN,40.85853823,-73.92961138
15396541,09-11-30,DEP,Noise,"Noise, Barking Dog (NR5)",10011,235 WEST 22 STREET,NEW YORK,MANHATTAN,40.74390698,-73.99723925
15414581,09-12-02,DEP,Noise,"Noise, Barking Dog (NR5)",10037,48 WEST 138 STREET,NEW YORK,MANHATTAN,40.81540991,-73.93800235
15396617,09-11-30,DEP,Noise,"Noise, Barking Dog (NR5)",10016,201 EAST 33 STREET,NEW YORK,MANHATTAN,40.74492051,-73.97826369
15436279,09-12-05,DEP,Noise,"Noise, Barking Dog (NR5)",10003,81 IRVING PLACE,NEW YORK,MANHATTAN,40.73714315,-73.9864827
15431294,09-12-04,DEP,Noise,"Noise, Barking Dog (NR5)",10028,520 EAST 81 STREET,NEW YORK,MANHATTAN,40.77240803,-73.94879046
15424275,09-12-03,DEP,Noise,"Noise, Barking Dog (NR5)",10023,31 WEST 70 STREET,NEW YORK,MANHATTAN,40.77535143,-73.97793964
15436330,09-12-05,DEP,Noise,"Noise, Barking Dog (NR5)",10026,318 WEST 115 STREET,NEW YORK,MANHATTAN,40.80398934,-73.95646713
15423549,09-12-03,DEP,Noise,"Noise, Barking Dog (NR5)",10075,408 EAST 78 STREET,NEW YORK,MANHATTAN,40.77145455,-73.95272645
15424290,09-12-03,DEP,Noise,"Noise, Barking Dog (NR5)",10021,109 EAST 73 STREET,NEW YORK,MANHATTAN,40.77155978,-73.96275947
15430647,09-12-04,DEP,Noise,"Noise, Barking Dog (NR5)",10128,326 EAST 93 STREET,NEW YORK,MANHATTAN,40.78197296,-73.94771067
15440506,09-12-06,DEP,Noise,"Noise, Barking Dog (NR5)",10021,300 EAST 71 STREET,NEW YORK,MANHATTAN,40.76796272,-73.95851236
15414121,09-12-02,DEP,Noise,"Noise, Barking Dog (NR5)",10031,474 WEST 150 STREET,NEW YORK,MANHATTAN,40.82814332,-73.94470056
15430815,09-12-04,DEP,Noise,"Noise, Barking Dog (NR5)",10065,215 EAST 68 STREET,NEW YORK,MANHATTAN,40.76695657,-73.96190646
15430819,09-12-04,DEP,Noise,"Noise, Barking Dog (NR5)",10019,859 9 AVENUE,NEW YORK,MANHATTAN,40.76710753,-73.98631416
15397046,09-11-30,DEP,Noise,"Noise, Barking Dog (NR5)",10029,327 EAST 108 STREET,NEW YORK,MANHATTAN,40.79157887,-73.9407006
15423067,09-12-03,DEP,Noise,"Noise, Barking Dog (NR5)",10010,102 EAST 22 STREET,NEW YORK,MANHATTAN,40.73927854,-73.98629101
15436614,09-12-05,DEP,Noise,"Noise, Barking Dog (NR5)",10021,417 EAST 72 STREET,NEW YORK,MANHATTAN,40.76754709,-73.95537182
15372172,09-11-25,DEP,Noise,"Noise, Barking Dog (NR5)",10128,345 EAST 94 STREET,NEW YORK,MANHATTAN,40.78248587,-73.94693392
15405600,09-12-01,DEP,Noise,"Noise, Barking Dog (NR5)",10028,305 EAST 86 STREET,NEW YORK,MANHATTAN,40.77770373,-73.95131385
15397190,09-11-30,DEP,Noise,"Noise, Barking Dog (NR5)",10019,433 WEST 54 STREET,NEW YORK,MANHATTAN,40.76645174,-73.98819514
15365274,09-11-24,DEP,Noise,"Noise, Barking Dog (NR5)",10027,408 WEST 128 STREET,NEW YORK,MANHATTAN,40.81308088,-73.9521297
13732856,09-04-17,DEP,Noise,"Noise, Barking Dog (NR5)",10002,286 SOUTH STREET,NEW YORK,MANHATTAN,40.710508,-73.98633661
13739165,09-04-18,DEP,Noise,"Noise, Barking Dog (NR5)",10075,443 EAST 78 STREET,NEW YORK,MANHATTAN,40.77123198,-73.95214896
13724911,09-04-16,DEP,Noise,"Noise, Barking Dog (NR5)",10022,3 RIVERVIEW TERRACE,NEW YORK,MANHATTAN,40.75786788,-73.95941382
13739166,09-04-18,DEP,Noise,"Noise, Barking Dog (NR5)",10024,200 WEST 78 STREET,NEW YORK,MANHATTAN,40.78255657,-73.97906025
13725582,09-04-16,DEP,Noise,"Noise, Barking Dog (NR5)",10021,520 EAST 76 STREET,NEW YORK,MANHATTAN,40.76914557,-73.95117931
13725805,09-04-16,DEP,Noise,"Noise, Barking Dog (NR5)",10036,428 WEST 47 STREET,NEW YORK,MANHATTAN,40.76201926,-73.9913148
13725624,09-04-16,DEP,Noise,"Noise, Barking Dog (NR5)",10022,3 RIVERVIEW TERRACE,NEW YORK,MANHATTAN,40.75786788,-73.95941382
13725832,09-04-16,DEP,Noise,"Noise, Barking Dog (NR5)",10012,180 THOMPSON STREET,NEW YORK,MANHATTAN,40.72789686,-74.00010463
13725234,09-04-16,DEP,Noise,"Noise, Barking Dog (NR5)",10007,110 DUANE STREET,NEW YORK,MANHATTAN,40.71561664,-74.0062803
13739620,09-04-18,DEP,Noise,"Noise, Barking Dog (NR5)",10031,79 HAMILTON PLACE,NEW YORK,MANHATTAN,40.82286256,-73.95092311
13733084,09-04-17,DEP,Noise,"Noise, Barking Dog (NR5)",10035,1707 PARK AVENUE,NEW YORK,MANHATTAN,40.80157013,-73.94155856
13744265,09-04-19,DEP,Noise,"Noise, Barking Dog (NR5)",10065,156 EAST 62 STREET,NEW YORK,MANHATTAN,40.76383439,-73.96619321
13752389,09-04-20,DEP,Noise,"Noise, Barking Dog (NR5)",10024,200 WEST 86 STREET,NEW YORK,MANHATTAN,40.78776531,-73.97523074
13750997,09-04-20,DEP,Noise,"Noise, Barking Dog (NR5)",10040,11 DONGAN PLACE,NEW YORK,MANHATTAN,40.86335509,-73.92946167
13769402,09-04-22,DEP,Noise,"Noise, Barking Dog (NR5)",10128,340 EAST 93 STREET,NEW YORK,MANHATTAN,40.78187404,-73.94747243
13769405,09-04-22,DEP,Noise,"Noise, Barking Dog (NR5)",10002,143 LUDLOW STREET,NEW YORK,MANHATTAN,40.720565,-73.98812029
13761924,09-04-21,DEP,Noise,"Noise, Barking Dog (NR5)",10013,40 HARRISON STREET,NEW YORK,MANHATTAN,40.7188661,-74.01084046
13769691,09-04-22,DEP,Noise,"Noise, Barking Dog (NR5)",10011,101 WEST 15 STREET,NEW YORK,MANHATTAN,40.73823082,-73.99675955
13778364,09-04-23,DEP,Noise,"Noise, Barking Dog (NR5)",10026,2059 8 AVENUE,NEW YORK,MANHATTAN,40.80160727,-73.95743309
13779323,09-04-23,DEP,Noise,"Noise, Barking Dog (NR5)",10023,253 WEST 72 STREET,NEW YORK,MANHATTAN,40.77932945,-73.98331112
13762160,09-04-21,DEP,Noise,"Noise, Barking Dog (NR5)",10019,688 10 AVENUE,NEW YORK,MANHATTAN,40.76356464,-73.99258889
13810999,09-04-27,DEP,Noise,"Noise, Barking Dog (NR5)",10025,57 WEST 105 STREET,NEW YORK,MANHATTAN,40.79814514,-73.96234008
13810463,09-04-27,DEP,Noise,"Noise, Barking Dog (NR5)",10003,36 EAST 7 STREET,NEW YORK,MANHATTAN,40.7282449,-73.98876836
13810474,09-04-27,DEP,Noise,"Noise, Barking Dog (NR5)",10031,454 WEST 150 STREET,NEW YORK,MANHATTAN,40.82800593,-73.94437186
13810523,09-04-27,DEP,Noise,"Noise, Barking Dog (NR5)",10128,303 EAST 90 STREET,NEW YORK,MANHATTAN,40.78028025,-73.94948851
13819250,09-04-28,DEP,Noise,"Noise, Barking Dog (NR5)",10027,2070 7 AVENUE,NEW YORK,MANHATTAN,40.80796067,-73.94907738
13809994,09-04-24,DEP,Noise,"Noise, Barking Dog (NR5)",10029,1365 5 AVENUE,NEW YORK,MANHATTAN,40.7989793,-73.94767925
13810325,09-04-26,DEP,Noise,"Noise, Barking Dog (NR5)",10021,48 EAST 73 STREET,NEW YORK,MANHATTAN,40.77225474,-73.96445957
13831767,09-04-29,DEP,Noise,"Noise, Barking Dog (NR5)",10026,117 WEST 118 STREET,NEW YORK,MANHATTAN,40.80366262,-73.94949967
13810747,09-04-27,DEP,Noise,"Noise, Barking Dog (NR5)",10009,930 EAST 4 WALK,NEW YORK,MANHATTAN,40.72064554,-73.97638485
13809877,09-04-24,DEP,Noise,"Noise, Barking Dog (NR5)",10016,533 3 AVENUE,NEW YORK,MANHATTAN,40.7466962,-73.97740057
13831707,09-04-29,DEP,Noise,"Noise, Barking Dog (NR5)",10025,370 RIVERSIDE DRIVE,NEW YORK,MANHATTAN,40.80412498,-73.9684303
13819377,09-04-28,DEP,Noise,"Noise, Barking Dog (NR5)",10011,415 WEST 23 STREET,NEW YORK,MANHATTAN,40.74679721,-74.00203186
13819448,09-04-28,DEP,Noise,"Noise, Barking Dog (NR5)",10009,520 EAST 12 STREET,NEW YORK,MANHATTAN,40.72879277,-73.98065024
13819451,09-04-28,DEP,Noise,"Noise, Barking Dog (NR5)",10021,201 EAST 75 STREET,NEW YORK,MANHATTAN,40.77156119,-73.95883866
13840586,09-04-30,DEP,Noise,"Noise, Barking Dog (NR5)",10029,2110 1 AVENUE,NEW YORK,MANHATTAN,40.79130342,-73.93882291
13848831,09-05-01,DEP,Noise,"Noise, Barking Dog (NR5)",10075,52 EAST 78 STREET,NEW YORK,MANHATTAN,40.77541044,-73.96210742
13840516,09-04-30,DEP,Noise,"Noise, Barking Dog (NR5)",10003,319 EAST 9 STREET,NEW YORK,MANHATTAN,40.72891164,-73.98657818
13840068,09-04-30,DEP,Noise,"Noise, Barking Dog (NR5)",10032,86 HAVEN AVENUE,NEW YORK,MANHATTAN,40.84417142,-73.94261626
13840105,09-04-30,DEP,Noise,"Noise, Barking Dog (NR5)",10024,146 WEST 88 STREET,NEW YORK,MANHATTAN,40.78835758,-73.97258709
13849479,09-05-01,DEP,Noise,"Noise, Barking Dog (NR5)",10031,527 WEST 150 STREET,NEW YORK,MANHATTAN,40.82884949,-73.94634047
13840423,09-04-30,DEP,Noise,"Noise, Barking Dog (NR5)",10128,50 EAST 96 STREET,NEW YORK,MANHATTAN,40.78703682,-73.95373373
13855390,09-05-02,DEP,Noise,"Noise, Barking Dog (NR5)",10034,17 SEAMAN AVENUE,NEW YORK,MANHATTAN,40.86669681,-73.92734306
13859544,09-05-03,DEP,Noise,"Noise, Barking Dog (NR5)",10075,443 EAST 78 STREET,NEW YORK,MANHATTAN,40.77123198,-73.95214896
13859600,09-05-03,DEP,Noise,"Noise, Barking Dog (NR5)",10011,250 WEST 14 STREET,NEW YORK,MANHATTAN,40.73915309,-74.00112587
13859611,09-05-03,DEP,Noise,"Noise, Barking Dog (NR5)",10035,524 EAST 119 STREET,NEW YORK,MANHATTAN,40.79671168,-73.9311142
13859657,09-05-03,DEP,Noise,"Noise, Barking Dog (NR5)",10128,1708 2 AVENUE,NEW YORK,MANHATTAN,40.77952315,-73.9505326
13855468,09-05-02,DEP,Noise,"Noise, Barking Dog (NR5)",10009,170 EAST 3 STREET,NEW YORK,MANHATTAN,40.72323245,-73.98431729
13893880,09-05-06,DEP,Noise,"Noise, Barking Dog (NR5)",10021,1365 YORK AVENUE,NEW YORK,MANHATTAN,40.76730753,-73.95342975
14312797,09-07-02,DEP,Noise,"Noise, Barking Dog (NR5)",10032,765 RIVERSIDE DRIVE,NEW YORK,MANHATTAN,40.8341834,-73.948396
13907328,09-05-07,DEP,Noise,"Noise, Barking Dog (NR5)",10035,524 EAST 119 STREET,NEW YORK,MANHATTAN,40.79671168,-73.9311142
13926066,09-05-10,DEP,Noise,"Noise, Barking Dog (NR5)",10013,310 GREENWICH STREET,NEW YORK,MANHATTAN,40.71760353,-74.0106671
13926072,09-05-10,DEP,Noise,"Noise, Barking Dog (NR5)",10023,200 WEST 70 STREET,NEW YORK,MANHATTAN,40.77747122,-73.98301551
13926077,09-05-10,DEP,Noise,"Noise, Barking Dog (NR5)",10030,305 WEST 137 STREET,NEW YORK,MANHATTAN,40.81795003,-73.9459374
13933998,09-05-11,DEP,Noise,"Noise, Barking Dog (NR5)",10026,78 WEST 119 STREET,NEW YORK,MANHATTAN,40.80352163,-73.9472603
14312845,09-07-02,DEP,Noise,"Noise, Barking Dog (NR5)",10017,140 EAST 46 STREET,NEW YORK,MANHATTAN,40.75378236,-73.973713
13915771,09-05-08,DEP,Noise,"Noise, Barking Dog (NR5)",10025,125 MANHATTAN AVENUE,NEW YORK,MANHATTAN,40.79814498,-73.96187778
13915868,09-05-08,DEP,Noise,"Noise, Barking Dog (NR5)",10026,2059 8 AVENUE,NEW YORK,MANHATTAN,40.80160727,-73.95743309
13941245,09-05-11,DEP,Noise,"Noise, Barking Dog (NR5)",10025,951 COLUMBUS AVENUE,NEW YORK,MANHATTAN,40.79965206,-73.96255594
13933065,09-05-09,DEP,Noise,"Noise, Barking Dog (NR5)",10017,140 EAST 46 STREET,NEW YORK,MANHATTAN,40.75378236,-73.973713
13926169,09-05-10,DEP,Noise,"Noise, Barking Dog (NR5)",10037,29 WEST 131 STREET,NEW YORK,MANHATTAN,40.81067937,-73.94058965
13949019,09-05-13,DEP,Noise,"Noise, Barking Dog (NR5)",10280,300 RECTOR PLACE,NEW YORK,MANHATTAN,40.70909673,-74.01710774
13948606,09-05-13,DEP,Noise,"Noise, Barking Dog (NR5)",10011,250 WEST 14 STREET,NEW YORK,MANHATTAN,40.73915309,-74.00112587
13932208,09-05-09,DEP,Noise,"Noise, Barking Dog (NR5)",10023,34 WEST 74 STREET,NEW YORK,MANHATTAN,40.777986,-73.97608649
13950907,09-05-13,DEP,Noise,"Noise, Barking Dog (NR5)",10280,300 RECTOR PLACE,NEW YORK,MANHATTAN,40.70909673,-74.01710774
13949836,09-05-13,DEP,Noise,"Noise, Barking Dog (NR5)",10031,412 WEST 148 STREET,NEW YORK,MANHATTAN,40.82618322,-73.94392172
13958375,09-05-14,DEP,Noise,"Noise, Barking Dog (NR5)",10029,1626 LEXINGTON AVENUE,NEW YORK,MANHATTAN,40.79005902,-73.94788489
13958379,09-05-14,DEP,Noise,"Noise, Barking Dog (NR5)",10003,305 2 AVENUE,NEW YORK,MANHATTAN,40.73459286,-73.9833115
13966037,09-05-15,DEP,Noise,"Noise, Barking Dog (NR5)",10023,253 WEST 72 STREET,NEW YORK,MANHATTAN,40.77932945,-73.98331112
13940904,09-05-12,DEP,Noise,"Noise, Barking Dog (NR5)",10003,230 EAST 14 STREET,NEW YORK,MANHATTAN,40.73294092,-73.98636809
13958885,09-05-14,DEP,Noise,"Noise, Barking Dog (NR5)",10027,218 WEST 132 STREET,NEW YORK,MANHATTAN,40.81373414,-73.94595527
13964879,09-05-15,DEP,Noise,"Noise, Barking Dog (NR5)",10028,135 EAST 83 STREET,NEW YORK,MANHATTAN,40.77745064,-73.9567625
13975774,09-05-17,DEP,Noise,"Noise, Barking Dog (NR5)",10003,68 EAST 3 STREET,NEW YORK,MANHATTAN,40.72508293,-73.98871477
13975778,09-05-17,DEP,Noise,"Noise, Barking Dog (NR5)",10128,346 EAST 89 STREET,NEW YORK,MANHATTAN,40.77932221,-73.9492076
13976019,09-05-17,DEP,Noise,"Noise, Barking Dog (NR5)",10003,,NEW YORK,MANHATTAN,40.73343569,-73.99548967
13965377,09-05-15,DEP,Noise,"Noise, Barking Dog (NR5)",10027,240 WEST 129 STREET,NEW YORK,MANHATTAN,40.81174473,-73.9470587
13982379,09-05-18,DEP,Noise,"Noise, Barking Dog (NR5)",10009,604 EAST 9 STREET,NEW YORK,MANHATTAN,40.7260973,-73.97991863
13982650,09-05-18,DEP,Noise,"Noise, Barking Dog (NR5)",10011,24 5 AVENUE,NEW YORK,MANHATTAN,40.73305146,-73.99637733
13982652,09-05-18,DEP,Noise,"Noise, Barking Dog (NR5)",10011,24 5 AVENUE,NEW YORK,MANHATTAN,40.73305146,-73.99637733
13956716,09-05-14,DEP,Noise,"Noise, Barking Dog (NR5)",10039,2569 7 AVENUE,NEW YORK,MANHATTAN,40.82387158,-73.93743803
13975603,09-05-17,DEP,Noise,"Noise, Barking Dog (NR5)",10029,1626 LEXINGTON AVENUE,NEW YORK,MANHATTAN,40.79005902,-73.94788489
13975700,09-05-17,DEP,Noise,"Noise, Barking Dog (NR5)",10028,1049 5 AVENUE,NEW YORK,MANHATTAN,40.78142351,-73.96018302
13975750,09-05-17,DEP,Noise,"Noise, Barking Dog (NR5)",10034,17 SEAMAN AVENUE,NEW YORK,MANHATTAN,40.86669681,-73.92734306
13971777,09-05-16,DEP,Noise,"Noise, Barking Dog (NR5)",10030,305 WEST 137 STREET,NEW YORK,MANHATTAN,40.81795003,-73.9459374
13983167,09-05-18,DEP,Noise,"Noise, Barking Dog (NR5)",10014,70 CHARLES STREET,NEW YORK,MANHATTAN,40.73482182,-74.00360112
13983171,09-05-18,DEP,Noise,"Noise, Barking Dog (NR5)",10014,70 CHARLES STREET,NEW YORK,MANHATTAN,40.73482182,-74.00360112
13993827,09-05-19,DEP,Noise,"Noise, Barking Dog (NR5)",10025,120 WEST 97 STREET,NEW YORK,MANHATTAN,40.79389796,-73.96785369
13994018,09-05-19,DEP,Noise,"Noise, Barking Dog (NR5)",10035,30 EAST 127 STREET,NEW YORK,MANHATTAN,40.80727027,-73.94028927
13993765,09-05-19,DEP,Noise,"Noise, Barking Dog (NR5)",10040,11 SICKLES STREET,NEW YORK,MANHATTAN,40.86097423,-73.92752645
14001494,09-05-20,DEP,Noise,"Noise, Barking Dog (NR5)",10028,25 EAST 86 STREET,NEW YORK,MANHATTAN,40.78110484,-73.95938161
14018630,09-05-22,DEP,Noise,"Noise, Barking Dog (NR5)",10014,110 BANK STREET,NEW YORK,MANHATTAN,40.73634225,-74.00718797
14009194,09-05-21,DEP,Noise,"Noise, Barking Dog (NR5)",10016,533 2 AVENUE,NEW YORK,MANHATTAN,40.74199728,-73.97789295
14010172,09-05-21,DEP,Noise,"Noise, Barking Dog (NR5)",10009,515 EAST 14 STREET,NEW YORK,MANHATTAN,40.73019793,-73.97975503
14010173,09-05-21,DEP,Noise,"Noise, Barking Dog (NR5)",10011,357 WEST 22 STREET,NEW YORK,MANHATTAN,40.74529311,-74.0005269
14018704,09-05-22,DEP,Noise,"Noise, Barking Dog (NR5)",10025,951 COLUMBUS AVENUE,NEW YORK,MANHATTAN,40.79965206,-73.96255594
14033917,09-05-25,DEP,Noise,"Noise, Barking Dog (NR5)",10001,252 7 AVENUE,NEW YORK,MANHATTAN,40.74510086,-73.9949259
14023858,09-05-23,DEP,Noise,"Noise, Barking Dog (NR5)",10004,66 PEARL STREET,NEW YORK,MANHATTAN,40.7036107,-74.01093175
14028521,09-05-24,DEP,Noise,"Noise, Barking Dog (NR5)",10009,6 STUYVESANT OVAL,NEW YORK,MANHATTAN,40.73122119,-73.9769115
14028527,09-05-24,DEP,Noise,"Noise, Barking Dog (NR5)",10032,556 WEST 160 STREET,NEW YORK,MANHATTAN,40.83536343,-73.94218298
14028537,09-05-24,DEP,Noise,"Noise, Barking Dog (NR5)",10029,102 EAST 116 STREET,NEW YORK,MANHATTAN,40.79912521,-73.94283207
14028634,09-05-24,DEP,Noise,"Noise, Barking Dog (NR5)",10128,315 EAST 88 STREET,NEW YORK,MANHATTAN,40.77893838,-73.95019362
14028723,09-05-24,DEP,Noise,"Noise, Barking Dog (NR5)",10128,321 EAST 88 STREET,NEW YORK,MANHATTAN,40.77889442,-73.95009256
14033688,09-05-25,DEP,Noise,"Noise, Barking Dog (NR5)",10023,260 WEST 73 STREET,NEW YORK,MANHATTAN,40.78006774,-73.98300402
14050455,09-05-27,DEP,Noise,"Noise, Barking Dog (NR5)",10026,51 WEST 119 STREET,NEW YORK,MANHATTAN,40.80327432,-73.94663561
14050462,09-05-27,DEP,Noise,"Noise, Barking Dog (NR5)",10027,245 WEST 123 STREET,NEW YORK,MANHATTAN,40.80824405,-73.95063407
14042742,09-05-26,DEP,Noise,"Noise, Barking Dog (NR5)",10031,587 RIVERSIDE DRIVE,NEW YORK,MANHATTAN,40.82153653,-73.95698316
14049723,09-05-27,DEP,Noise,"Noise, Barking Dog (NR5)",10037,2123 MADISON AVENUE,NEW YORK,MANHATTAN,40.81097929,-73.93681436
14050538,09-05-27,DEP,Noise,"Noise, Barking Dog (NR5)",10009,256 EAST 10 STREET,NEW YORK,MANHATTAN,40.72849957,-73.98381093
14050585,09-05-27,DEP,Noise,"Noise, Barking Dog (NR5)",10023,69 WEST 68 STREET,NEW YORK,MANHATTAN,40.77442401,-73.97962244
14042606,09-05-26,DEP,Noise,"Noise, Barking Dog (NR5)",10028,305 EAST 86 STREET,NEW YORK,MANHATTAN,40.77770373,-73.95131385
14049962,09-05-27,DEP,Noise,"Noise, Barking Dog (NR5)",10065,156 EAST 62 STREET,NEW YORK,MANHATTAN,40.76383439,-73.96619321
14058059,09-05-28,DEP,Noise,"Noise, Barking Dog (NR5)",10021,221 EAST 72 STREET,NEW YORK,MANHATTAN,40.76948107,-73.95994106
14066285,09-05-29,DEP,Noise,"Noise, Barking Dog (NR5)",10019,401 WEST 56 STREET,NEW YORK,MANHATTAN,40.7674287,-73.98662457
14066419,09-05-29,DEP,Noise,"Noise, Barking Dog (NR5)",10030,216 WEST 141 STREET,NEW YORK,MANHATTAN,40.81943013,-73.94173798
14057861,09-05-28,DEP,Noise,"Noise, Barking Dog (NR5)",10027,2070 7 AVENUE,NEW YORK,MANHATTAN,40.80796067,-73.94907738
14057863,09-05-28,DEP,Noise,"Noise, Barking Dog (NR5)",10023,75 WEST END AVENUE,NEW YORK,MANHATTAN,40.77441975,-73.98841757
14066153,09-05-29,DEP,Noise,"Noise, Barking Dog (NR5)",10011,225 WEST 23 STREET,NEW YORK,MANHATTAN,40.74448884,-73.99655354
14077496,09-05-31,DEP,Noise,"Noise, Barking Dog (NR5)",10004,66 PEARL STREET,NEW YORK,MANHATTAN,40.7036107,-74.01093175
14077530,09-05-31,DEP,Noise,"Noise, Barking Dog (NR5)",10025,242 WEST 109 STREET,NEW YORK,MANHATTAN,40.80288628,-73.96554127
14094489,09-06-02,DEP,Noise,"Noise, Barking Dog (NR5)",10025,951 COLUMBUS AVENUE,NEW YORK,MANHATTAN,40.79965206,-73.96255594
14077781,09-05-31,DEP,Noise,"Noise, Barking Dog (NR5)",10011,364 WEST 15 STREET,NEW YORK,MANHATTAN,40.74116494,-74.00374942
14093744,09-06-02,DEP,Noise,"Noise, Barking Dog (NR5)",10032,403 WEST 154 STREET,NEW YORK,MANHATTAN,40.83028559,-73.94195974
14073567,09-05-30,DEP,Noise,"Noise, Barking Dog (NR5)",10029,2234 1 AVENUE,NEW YORK,MANHATTAN,40.79510886,-73.93604932
14093768,09-06-02,DEP,Noise,"Noise, Barking Dog (NR5)",10032,421 WEST 154 STREET,NEW YORK,MANHATTAN,40.83037903,-73.94219092
14364432,09-07-10,DEP,Noise,"Noise, Barking Dog (NR5)",,75 WESTEND AVE,,MANHATTAN,,
14364455,09-07-10,DEP,Noise,"Noise, Barking Dog (NR5)",10128,1667 YORK AVENUE,NEW YORK,MANHATTAN,40.77704277,-73.94632084
14094195,09-06-02,DEP,Noise,"Noise, Barking Dog (NR5)",10031,525 WEST 150 STREET,NEW YORK,MANHATTAN,40.82883575,-73.94630435
14102267,09-06-03,DEP,Noise,"Noise, Barking Dog (NR5)",10028,212 EAST 84 STREET,NEW YORK,MANHATTAN,40.77727682,-73.95442292
14102353,09-06-03,DEP,Noise,"Noise, Barking Dog (NR5)",10030,301 WEST 137 STREET,NEW YORK,MANHATTAN,40.81789232,-73.94580016
14305906,09-07-01,DEP,Noise,"Noise, Barking Dog (NR5)",10011,415 WEST 23 STREET,NEW YORK,MANHATTAN,40.74679721,-74.00203186
14123209,09-06-06,DEP,Noise,"Noise, Barking Dog (NR5)",10024,331 WEST 89 STREET,NEW YORK,MANHATTAN,40.79116371,-73.97725546
14144148,09-06-09,DEP,Noise,"Noise, Barking Dog (NR5)",10025,730 COLUMBUS AVENUE,NEW YORK,MANHATTAN,40.79262437,-73.96770624
14135681,09-06-08,DEP,Noise,"Noise, Barking Dog (NR5)",10027,408 WEST 128 STREET,NEW YORK,MANHATTAN,40.81308088,-73.9521297
14135745,09-06-08,DEP,Noise,"Noise, Barking Dog (NR5)",10018,358 WEST 38 STREET,NEW YORK,MANHATTAN,40.75537986,-73.99323589
14135856,09-06-08,DEP,Noise,"Noise, Barking Dog (NR5)",10025,50 MANHATTAN AVENUE,NEW YORK,MANHATTAN,40.79618021,-73.96326939
14136024,09-06-08,DEP,Noise,"Noise, Barking Dog (NR5)",10009,514 EAST 12 STREET,NEW YORK,MANHATTAN,40.72883396,-73.98074765
14144708,09-06-09,DEP,Noise,"Noise, Barking Dog (NR5)",10128,212 EAST 88 STREET,NEW YORK,MANHATTAN,40.77989453,-73.95251103
14144762,09-06-09,DEP,Noise,"Noise, Barking Dog (NR5)",10280,395 SOUTH END AVENUE,NEW YORK,MANHATTAN,40.71130644,-74.01589994
14341090,09-07-07,DEP,Noise,"Noise, Barking Dog (NR5)",10017,160 EAST 48 STREET,NEW YORK,MANHATTAN,40.75494312,-73.9725864
14341248,09-07-07,DEP,Noise,"Noise, Barking Dog (NR5)",10011,520 WEST 19 STREET,NEW YORK,MANHATTAN,40.74547407,-74.0065574
14136195,09-06-08,DEP,Noise,"Noise, Barking Dog (NR5)",10014,280 MULBERRY STREET,NEW YORK,MANHATTAN,40.72441092,-73.99516919
14153255,09-06-10,DEP,Noise,"Noise, Barking Dog (NR5)",10022,405 EAST 54 STREET,NEW YORK,MANHATTAN,40.75622253,-73.96392309
14153284,09-06-10,DEP,Noise,"Noise, Barking Dog (NR5)",10024,330 WEST 77 STREET,NEW YORK,MANHATTAN,40.78329003,-73.98277932
14161244,09-06-07,DEP,Noise,"Noise, Barking Dog (NR5)",10030,40 EDGECOMBE AVENUE,NEW YORK,MANHATTAN,40.81820308,-73.94710053
14161245,09-06-07,DEP,Noise,"Noise, Barking Dog (NR5)",10030,40 EDGECOMBE AVENUE,NEW YORK,MANHATTAN,40.81820308,-73.94710053
14153072,09-06-10,DEP,Noise,"Noise, Barking Dog (NR5)",10025,951 COLUMBUS AVENUE,NEW YORK,MANHATTAN,40.79965206,-73.96255594
14160966,09-06-11,DEP,Noise,"Noise, Barking Dog (NR5)",,240 E 129 ST,,MANHATTAN,,
14161095,09-06-11,DEP,Noise,"Noise, Barking Dog (NR5)",10034,17 CUMMINGS STREET,NEW YORK,MANHATTAN,40.86652874,-73.92632729
14152770,09-06-10,DEP,Noise,"Noise, Barking Dog (NR5)",10021,221 EAST 72 STREET,NEW YORK,MANHATTAN,40.76948107,-73.95994106
14160671,09-06-11,DEP,Noise,"Noise, Barking Dog (NR5)",10021,1420 YORK AVENUE,NEW YORK,MANHATTAN,40.76906363,-73.95212163
14174735,09-06-13,DEP,Noise,"Noise, Barking Dog (NR5)",10014,21 CHRISTOPHER STREET,NEW YORK,MANHATTAN,40.7339216,-74.00075052
14174764,09-06-13,DEP,Noise,"Noise, Barking Dog (NR5)",10009,407 EAST 12 STREET,NEW YORK,MANHATTAN,40.72983891,-73.98310342
14179038,09-06-14,DEP,Noise,"Noise, Barking Dog (NR5)",10024,412 WEST END AVENUE,NEW YORK,MANHATTAN,40.78486519,-73.98077478
14179054,09-06-14,DEP,Noise,"Noise, Barking Dog (NR5)",10128,231 EAST 89 STREET,NEW YORK,MANHATTAN,40.78041846,-73.951756
14389381,09-07-13,DEP,Noise,"Noise, Barking Dog (NR5)",10014,18 CHRISTOPHER STREET,NEW YORK,MANHATTAN,40.73392709,-74.00060258
14195451,09-06-16,DEP,Noise,"Noise, Barking Dog (NR5)",10065,315 EAST 68 STREET,NEW YORK,MANHATTAN,40.76599789,-73.9596363
14204119,09-06-17,DEP,Noise,"Noise, Barking Dog (NR5)",10021,1420 YORK AVENUE,NEW YORK,MANHATTAN,40.76906363,-73.95212163
14204278,09-06-17,DEP,Noise,"Noise, Barking Dog (NR5)",10026,70 WEST 119 STREET,NEW YORK,MANHATTAN,40.8034447,-73.94707975
14195960,09-06-16,DEP,Noise,"Noise, Barking Dog (NR5)",10031,535 WEST 148 STREET,NEW YORK,MANHATTAN,40.82761479,-73.94727372
14220790,09-06-19,DEP,Noise,"Noise, Barking Dog (NR5)",10028,45 EAST 81 STREET,NEW YORK,MANHATTAN,40.7774548,-73.96071255
14389659,09-07-13,DEP,Noise,"Noise, Barking Dog (NR5)",10027,1295 AMSTERDAM AVENUE,NEW YORK,MANHATTAN,40.81187526,-73.95735066
14364298,09-07-10,DEP,Noise,"Noise, Barking Dog (NR5)",10040,100 THAYER STREET,NEW YORK,MANHATTAN,40.86459466,-73.92780089
14221349,09-06-19,DEP,Noise,"Noise, Barking Dog (NR5)",10021,221 EAST 72 STREET,NEW YORK,MANHATTAN,40.76948107,-73.95994106
14221380,09-06-19,DEP,Noise,"Noise, Barking Dog (NR5)",10040,570 WEST 189 STREET,NEW YORK,MANHATTAN,40.85399285,-73.92935592
14220942,09-06-19,DEP,Noise,"Noise, Barking Dog (NR5)",10003,319 EAST 9 STREET,NEW YORK,MANHATTAN,40.72891164,-73.98657818
14389582,09-07-13,DEP,Noise,"Noise, Barking Dog (NR5)",10025,325 WEST 108 STREET,NEW YORK,MANHATTAN,40.80316973,-73.96814179
14220960,09-06-19,DEP,Noise,"Noise, Barking Dog (NR5)",10033,867 WEST 181 STREET,NEW YORK,MANHATTAN,40.85136175,-73.94103768
14226740,09-06-20,DEP,Noise,"Noise, Barking Dog (NR5)",10021,1420 YORK AVENUE,NEW YORK,MANHATTAN,40.76906363,-73.95212163
14389154,09-07-14,DEP,Noise,"Noise, Barking Dog (NR5)",10024,40 WEST 86 STREET,NEW YORK,MANHATTAN,40.78579624,-73.97055149
14226456,09-06-20,DEP,Noise,"Noise, Barking Dog (NR5)",10036,561 10 AVENUE,NEW YORK,MANHATTAN,40.7592336,-73.99577309
14226459,09-06-20,DEP,Noise,"Noise, Barking Dog (NR5)",10017,310 EAST 44 STREET,NEW YORK,MANHATTAN,40.75089692,-73.97075459
14389496,09-07-13,DEP,Noise,"Noise, Barking Dog (NR5)",10023,75 WEST END AVENUE,NEW YORK,MANHATTAN,40.77441975,-73.98841757
14247323,09-06-23,DEP,Noise,"Noise, Barking Dog (NR5)",10026,127 WEST 111 STREET,NEW YORK,MANHATTAN,40.79930552,-73.95311119
14389433,09-07-13,DEP,Noise,"Noise, Barking Dog (NR5)",10009,336 EAST 4 STREET,NEW YORK,MANHATTAN,40.72188397,-73.97924888
14246954,09-06-23,DEP,Noise,"Noise, Barking Dog (NR5)",10025,65 WEST 95 STREET,NEW YORK,MANHATTAN,40.79172112,-73.96689411
14246985,09-06-23,DEP,Noise,"Noise, Barking Dog (NR5)",10036,561 10 AVENUE,NEW YORK,MANHATTAN,40.7592336,-73.99577309
14238725,09-06-22,DEP,Noise,"Noise, Barking Dog (NR5)",10033,2 SOUTH PINEHURST AVENUE,NEW YORK,MANHATTAN,40.84748329,-73.9406616
14313008,09-07-02,DEP,Noise,"Noise, Barking Dog (NR5)",10002,122 LUDLOW STREET,NEW YORK,MANHATTAN,40.71967026,-73.98855335
14256058,09-06-24,DEP,Noise,"Noise, Barking Dog (NR5)",10014,70 BANK STREET,NEW YORK,MANHATTAN,40.73672116,-74.00447807
14256085,09-06-24,DEP,Noise,"Noise, Barking Dog (NR5)",10024,338 WEST 77 STREET,NEW YORK,MANHATTAN,40.78333396,-73.98288041
14256149,09-06-24,DEP,Noise,"Noise, Barking Dog (NR5)",10031,611 WEST 148 STREET,NEW YORK,MANHATTAN,40.82851327,-73.94940854
14256281,09-06-24,DEP,Noise,"Noise, Barking Dog (NR5)",10023,75 WEST END AVENUE,NEW YORK,MANHATTAN,40.77441975,-73.98841757
14256374,09-06-24,DEP,Noise,"Noise, Barking Dog (NR5)",10036,450 WEST 46 STREET,NEW YORK,MANHATTAN,40.7615884,-73.99221008
14264200,09-06-25,DEP,Noise,"Noise, Barking Dog (NR5)",10021,318 EAST 69 STREET,NEW YORK,MANHATTAN,40.76658233,-73.95912332
14255878,09-06-24,DEP,Noise,"Noise, Barking Dog (NR5)",10025,325 WEST 108 STREET,NEW YORK,MANHATTAN,40.80316973,-73.96814179
14277006,09-06-27,DEP,Noise,"Noise, Barking Dog (NR5)",10011,520 WEST 19 STREET,NEW YORK,MANHATTAN,40.74547407,-74.0065574
14271438,09-06-26,DEP,Noise,"Noise, Barking Dog (NR5)",10023,57 WEST 75 STREET,NEW YORK,MANHATTAN,40.77883138,-73.97608619
14271270,09-06-26,DEP,Noise,"Noise, Barking Dog (NR5)",10028,306 EAST 83 STREET,NEW YORK,MANHATTAN,40.77572536,-73.95271619
14288688,09-06-29,DEP,Noise,"Noise, Barking Dog (NR5)",10024,251 WEST 81 STREET,NEW YORK,MANHATTAN,40.78535077,-73.97943854
14298025,09-06-30,DEP,Noise,"Noise, Barking Dog (NR5)",10035,524 EAST 119 STREET,NEW YORK,MANHATTAN,40.79671168,-73.9311142
14298225,09-06-30,DEP,Noise,"Noise, Barking Dog (NR5)",10033,247 WADSWORTH AVENUE,NEW YORK,MANHATTAN,40.85255129,-73.93296495
14288400,09-06-29,DEP,Noise,"Noise, Barking Dog (NR5)",10032,421 WEST 154 STREET,NEW YORK,MANHATTAN,40.83037903,-73.94219092
14288407,09-06-29,DEP,Noise,"Noise, Barking Dog (NR5)",,199 BOWERY ST,,MANHATTAN,,
14317901,09-07-03,DEP,Noise,"Noise, Barking Dog (NR5)",10014,111 JANE STREET,NEW YORK,MANHATTAN,40.73815366,-74.00894551
14317965,09-07-03,DEP,Noise,"Noise, Barking Dog (NR5)",10016,4 PARK AVENUE,NEW YORK,MANHATTAN,40.74679301,-73.98156891
14364458,09-07-10,DEP,Noise,"Noise, Barking Dog (NR5)",10128,1667 YORK AVENUE,NEW YORK,MANHATTAN,40.77704277,-73.94632084
14324132,09-07-05,DEP,Noise,"Noise, Barking Dog (NR5)",10037,29 WEST 131 STREET,NEW YORK,MANHATTAN,40.81067937,-73.94058965
14324198,09-07-05,DEP,Noise,"Noise, Barking Dog (NR5)",10036,255 WEST 43 STREET,NEW YORK,MANHATTAN,40.75735839,-73.98797295
14331894,09-07-06,DEP,Noise,"Noise, Barking Dog (NR5)",10034,10 COOPER STREET,NEW YORK,MANHATTAN,40.86733755,-73.92497057
14331159,09-07-06,DEP,Noise,"Noise, Barking Dog (NR5)",10039,101 WEST 147 STREET,NEW YORK,MANHATTAN,40.82196036,-73.93581034
14348908,09-07-08,DEP,Noise,"Noise, Barking Dog (NR5)",10028,444 EAST 82 STREET,NEW YORK,MANHATTAN,40.77384416,-73.95022271
14348500,09-07-08,DEP,Noise,"Noise, Barking Dog (NR5)",10029,170 EAST 111 STREET,NEW YORK,MANHATTAN,40.79513184,-73.94324722
14341279,09-07-07,DEP,Noise,"Noise, Barking Dog (NR5)",10014,30 CHARLTON STREET,NEW YORK,MANHATTAN,40.72705139,-74.00452433
14389637,09-07-13,DEP,Noise,"Noise, Barking Dog (NR5)",10036,444 WEST 48 STREET,NEW YORK,MANHATTAN,40.76278229,-73.99118835
14356687,09-07-09,DEP,Noise,"Noise, Barking Dog (NR5)",10029,170 EAST 111 STREET,NEW YORK,MANHATTAN,40.79513184,-73.94324722
14369398,09-07-11,DEP,Noise,"Noise, Barking Dog (NR5)",10009,336 EAST 4 STREET,NEW YORK,MANHATTAN,40.72188397,-73.97924888
14398100,09-07-15,DEP,Noise,"Noise, Barking Dog (NR5)",10011,10 WEST 15 STREET,NEW YORK,MANHATTAN,40.73696536,-73.99379346
14369199,09-07-11,DEP,Noise,"Noise, Barking Dog (NR5)",10038,13 MAIDEN LANE,NEW YORK,MANHATTAN,40.7095258,-74.0094214
14369211,09-07-11,DEP,Noise,"Noise, Barking Dog (NR5)",10001,317 WEST 29 STREET,NEW YORK,MANHATTAN,40.74937449,-73.99649554
14356460,09-07-09,DEP,Noise,"Noise, Barking Dog (NR5)",10065,429 EAST 65 STREET,NEW YORK,MANHATTAN,40.76291776,-73.95815451
14364257,09-07-10,DEP,Noise,"Noise, Barking Dog (NR5)",10032,651 WEST 171 STREET,NEW YORK,MANHATTAN,40.84359371,-73.94003619
14363857,09-07-10,DEP,Noise,"Noise, Barking Dog (NR5)",10022,315 EAST 56 STREET,NEW YORK,MANHATTAN,40.75839127,-73.96518528
14389316,09-07-14,DEP,Noise,"Noise, Barking Dog (NR5)",10010,315 EAST 21 STREET,NEW YORK,MANHATTAN,40.73625033,-73.98098727
14372853,09-07-12,DEP,Noise,"Noise, Barking Dog (NR5)",10009,336 EAST 4 STREET,NEW YORK,MANHATTAN,40.72188397,-73.97924888
14397649,09-07-15,DEP,Noise,"Noise, Barking Dog (NR5)",10040,100 THAYER STREET,NEW YORK,MANHATTAN,40.86459466,-73.92780089
14372898,09-07-12,DEP,Noise,"Noise, Barking Dog (NR5)",10003,54 EAST 8 STREET,NEW YORK,MANHATTAN,40.73105315,-73.99353062
14373046,09-07-12,DEP,Noise,"Noise, Barking Dog (NR5)",10019,448 WEST 54 STREET,NEW YORK,MANHATTAN,40.76657255,-73.98852724
14397473,09-07-15,DEP,Noise,"Noise, Barking Dog (NR5)",10034,1781 RIVERSIDE DRIVE,NEW YORK,MANHATTAN,40.86675939,-73.9309151
14405781,09-07-16,DEP,Noise,"Noise, Barking Dog (NR5)",10128,352 EAST 91 STREET,NEW YORK,MANHATTAN,40.78053493,-73.94818843
14406193,09-07-16,DEP,Noise,"Noise, Barking Dog (NR5)",10011,10 WEST 15 STREET,NEW YORK,MANHATTAN,40.73696536,-73.99379346
14405870,09-07-16,DEP,Noise,"Noise, Barking Dog (NR5)",10010,102 EAST 22 STREET,NEW YORK,MANHATTAN,40.73927854,-73.98629101
14413788,09-07-17,DEP,Noise,"Noise, Barking Dog (NR5)",10009,256 EAST 10 STREET,NEW YORK,MANHATTAN,40.72849957,-73.98381093
14405548,09-07-16,DEP,Noise,"Noise, Barking Dog (NR5)",10013,60 BEACH STREET,NEW YORK,MANHATTAN,40.72069148,-74.00947348
14405571,09-07-16,DEP,Noise,"Noise, Barking Dog (NR5)",10031,519 WEST 151 STREET,NEW YORK,MANHATTAN,40.82935142,-73.9455957
14405948,09-07-16,DEP,Noise,"Noise, Barking Dog (NR5)",10025,50 MANHATTAN AVENUE,NEW YORK,MANHATTAN,40.79618021,-73.96326939
14419219,09-07-18,DEP,Noise,"Noise, Barking Dog (NR5)",10013,7 MERCER STREET,NEW YORK,MANHATTAN,40.72048051,-74.00211403
14419493,09-07-18,DEP,Noise,"Noise, Barking Dog (NR5)",10040,100 THAYER STREET,NEW YORK,MANHATTAN,40.86459466,-73.92780089
14423429,09-07-19,DEP,Noise,"Noise, Barking Dog (NR5)",10027,160 CLAREMONT AVENUE,NEW YORK,MANHATTAN,40.81355637,-73.9611392
14423537,09-07-19,DEP,Noise,"Noise, Barking Dog (NR5)",10003,333 1 AVENUE,NEW YORK,MANHATTAN,40.73458411,-73.98007484
14423581,09-07-19,DEP,Noise,"Noise, Barking Dog (NR5)",10029,70 EAST 108 STREET,NEW YORK,MANHATTAN,40.79457406,-73.94778384
14423649,09-07-19,DEP,Noise,"Noise, Barking Dog (NR5)",10032,918 ST NICHOLAS AVENUE,NEW YORK,MANHATTAN,40.8315011,-73.94115646
14439306,09-07-21,DEP,Noise,"Noise, Barking Dog (NR5)",10035,1707 PARK AVENUE,NEW YORK,MANHATTAN,40.80157013,-73.94155856
14431953,09-07-20,DEP,Noise,"Noise, Barking Dog (NR5)",10032,421 WEST 154 STREET,NEW YORK,MANHATTAN,40.83037903,-73.94219092
14439488,09-07-21,DEP,Noise,"Noise, Barking Dog (NR5)",10032,421 WEST 154 STREET,NEW YORK,MANHATTAN,40.83037903,-73.94219092
14432060,09-07-20,DEP,Noise,"Noise, Barking Dog (NR5)",10024,22 WEST 91 STREET,NEW YORK,MANHATTAN,40.78882296,-73.96785614
14439515,09-07-21,DEP,Noise,"Noise, Barking Dog (NR5)",10032,419 WEST 154 STREET,NEW YORK,MANHATTAN,40.83037078,-73.94216563
14431405,09-07-20,DEP,Noise,"Noise, Barking Dog (NR5)",10031,555 WEST 151 STREET,NEW YORK,MANHATTAN,40.82964818,-73.94630008
14431485,09-07-20,DEP,Noise,"Noise, Barking Dog (NR5)",10036,444 WEST 48 STREET,NEW YORK,MANHATTAN,40.76278229,-73.99118835
14432095,09-07-20,DEP,Noise,"Noise, Barking Dog (NR5)",10011,520 WEST 19 STREET,NEW YORK,MANHATTAN,40.74559208,-74.0068389
14447780,09-07-22,DEP,Noise,"Noise, Barking Dog (NR5)",10029,301 EAST 103 STREET,NEW YORK,MANHATTAN,40.78853087,-73.9434623
14447815,09-07-22,DEP,Noise,"Noise, Barking Dog (NR5)",10128,333 EAST 90 STREET,NEW YORK,MANHATTAN,40.78006594,-73.94897956
14447839,09-07-22,DEP,Noise,"Noise, Barking Dog (NR5)",10003,223 2 AVENUE,NEW YORK,MANHATTAN,40.73212831,-73.9851126
14447932,09-07-22,DEP,Noise,"Noise, Barking Dog (NR5)",10009,170 AVENUE C,NEW YORK,MANHATTAN,40.72619562,-73.97728124
14467947,09-07-25,DEP,Noise,"Noise, Barking Dog (NR5)",10075,205 EAST 77 STREET,NEW YORK,MANHATTAN,40.7728042,-73.95785225
14471926,09-07-26,DEP,Noise,"Noise, Barking Dog (NR5)",10023,253 WEST 72 STREET,NEW YORK,MANHATTAN,40.77932945,-73.98331112
14467986,09-07-25,DEP,Noise,"Noise, Barking Dog (NR5)",10012,137 SULLIVAN STREET,NEW YORK,MANHATTAN,40.72679894,-74.00208537
14467991,09-07-25,DEP,Noise,"Noise, Barking Dog (NR5)",10030,274 WEST 140 STREET,NEW YORK,MANHATTAN,40.81929095,-73.94334946
14462190,09-07-24,DEP,Noise,"Noise, Barking Dog (NR5)",10037,30 WEST 130 STREET,NEW YORK,MANHATTAN,40.81004284,-73.94106706
14471863,09-07-26,DEP,Noise,"Noise, Barking Dog (NR5)",10026,,NEW YORK,MANHATTAN,40.79824029,-73.95245099
14471870,09-07-26,DEP,Noise,"Noise, Barking Dog (NR5)",,111-56 76 DR,,MANHATTAN,,
14480040,09-07-27,DEP,Noise,"Noise, Barking Dog (NR5)",10003,329 EAST 12 STREET,NEW YORK,MANHATTAN,40.73067359,-73.98507324
14480545,09-07-27,DEP,Noise,"Noise, Barking Dog (NR5)",10032,515 WEST 168 STREET,NEW YORK,MANHATTAN,40.84014504,-73.93754561
14488475,09-07-28,DEP,Noise,"Noise, Barking Dog (NR5)",,395 SOUTHEND AVE,,MANHATTAN,,
14488516,09-07-28,DEP,Noise,"Noise, Barking Dog (NR5)",10014,146 WEST 10 STREET,NEW YORK,MANHATTAN,40.73453917,-74.00092734
14497490,09-07-29,DEP,Noise,"Noise, Barking Dog (NR5)",10002,122 LUDLOW STREET,NEW YORK,MANHATTAN,40.71967026,-73.98855335
14497764,09-07-29,DEP,Noise,"Noise, Barking Dog (NR5)",10019,694 10 AVENUE,NEW YORK,MANHATTAN,40.76369638,-73.99249502
14498085,09-07-29,DEP,Noise,"Noise, Barking Dog (NR5)",10033,1469 ST NICHOLAS AVENUE,NEW YORK,MANHATTAN,40.85080548,-73.93265946
14514649,09-07-31,DEP,Noise,"Noise, Barking Dog (NR5)",10075,205 EAST 77 STREET,NEW YORK,MANHATTAN,40.7728042,-73.95785225
14514668,09-07-31,DEP,Noise,"Noise, Barking Dog (NR5)",10280,99 BATTERY PLACE,NEW YORK,MANHATTAN,40.70802908,-74.01668906
14519737,09-08-01,DEP,Noise,"Noise, Barking Dog (NR5)",10039,215 WEST 147 STREET,NEW YORK,MANHATTAN,40.82326577,-73.93889108
14589117,09-08-06,DEP,Noise,"Noise, Barking Dog (NR5)",10036,601 WEST 41 STREET,NEW YORK,MANHATTAN,40.7603398,-73.99921308
14532203,09-08-03,DEP,Noise,"Noise, Barking Dog (NR5)",10025,107 WEST 105 STREET,NEW YORK,MANHATTAN,40.79880163,-73.96390362
14533353,09-08-03,DEP,Noise,"Noise, Barking Dog (NR5)",10003,145 EAST 15 STREET,NEW YORK,MANHATTAN,40.73442598,-73.98771369
14532519,09-08-03,DEP,Noise,"Noise, Barking Dog (NR5)",10128,326 EAST 93 STREET,NEW YORK,MANHATTAN,40.78197296,-73.94771067
14541289,09-08-03,DEP,Noise,"Noise, Barking Dog (NR5)",,2185 VALENTINE AVE,,MANHATTAN,,
14541600,09-08-04,DEP,Noise,"Noise, Barking Dog (NR5)",10003,333 1 AVENUE,NEW YORK,MANHATTAN,40.73458411,-73.98007484
14542312,09-08-04,DEP,Noise,"Noise, Barking Dog (NR5)",10025,125 MANHATTAN AVENUE,NEW YORK,MANHATTAN,40.79814498,-73.96187778
14589038,09-08-06,DEP,Noise,"Noise, Barking Dog (NR5)",10025,160 WEST 96 STREET,NEW YORK,MANHATTAN,40.79353877,-73.96917207
14606635,09-08-09,DEP,Noise,"Noise, Barking Dog (NR5)",10021,1420 YORK AVENUE,NEW YORK,MANHATTAN,40.76906363,-73.95212163
14602551,09-08-08,DEP,Noise,"Noise, Barking Dog (NR5)",10003,54 EAST 8 STREET,NEW YORK,MANHATTAN,40.73105315,-73.99353062
14596866,09-08-07,DEP,Noise,"Noise, Barking Dog (NR5)",10010,237 EAST 26 STREET,NEW YORK,MANHATTAN,40.74035371,-73.98084536
14596916,09-08-07,DEP,Noise,"Noise, Barking Dog (NR5)",10026,131 WEST 110 STREET,NEW YORK,MANHATTAN,40.79868536,-73.95349087
14596993,09-08-07,DEP,Noise,"Noise, Barking Dog (NR5)",10019,694 10 AVENUE,NEW YORK,MANHATTAN,40.76369638,-73.99249502
14602674,09-08-08,DEP,Noise,"Noise, Barking Dog (NR5)",10016,148 EAST 40 STREET,NEW YORK,MANHATTAN,40.74992384,-73.97645387
14597049,09-08-07,DEP,Noise,"Noise, Barking Dog (NR5)",10075,205 EAST 77 STREET,NEW YORK,MANHATTAN,40.7728042,-73.95785225
14606396,09-08-09,DEP,Noise,"Noise, Barking Dog (NR5)",10027,240 WEST 129 STREET,NEW YORK,MANHATTAN,40.81174473,-73.9470587
14596591,09-08-07,DEP,Noise,"Noise, Barking Dog (NR5)",10003,329 EAST 12 STREET,NEW YORK,MANHATTAN,40.73067359,-73.98507324
14613613,09-08-10,DEP,Noise,"Noise, Barking Dog (NR5)",10009,444 EAST 20 STREET,NEW YORK,MANHATTAN,40.73402377,-73.97786312
14622815,09-08-11,DEP,Noise,"Noise, Barking Dog (NR5)",10006,100 CEDAR STREET,NEW YORK,MANHATTAN,40.7090892,-74.01149172
14631972,09-08-12,DEP,Noise,"Noise, Barking Dog (NR5)",10065,301 EAST 63 STREET,NEW YORK,MANHATTAN,40.76305919,-73.96236714
14632009,09-08-12,DEP,Noise,"Noise, Barking Dog (NR5)",10040,98 THAYER STREET,NEW YORK,MANHATTAN,40.86454524,-73.92777202
14631214,09-08-12,DEP,Noise,"Noise, Barking Dog (NR5)",10006,98 GREENWICH STREET,NEW YORK,MANHATTAN,40.70820242,-74.01350061
14647145,09-08-14,DEP,Noise,"Noise, Barking Dog (NR5)",10019,694 10 AVENUE,NEW YORK,MANHATTAN,40.76369638,-73.99249502
14647507,09-08-14,DEP,Noise,"Noise, Barking Dog (NR5)",10075,443 EAST 78 STREET,NEW YORK,MANHATTAN,40.77123198,-73.95214896
14646964,09-08-14,DEP,Noise,"Noise, Barking Dog (NR5)",10019,520 WEST 56 STREET,NEW YORK,MANHATTAN,40.76878768,-73.98989872
14652515,09-08-15,DEP,Noise,"Noise, Barking Dog (NR5)",10033,175 PINEHURST AVENUE,NEW YORK,MANHATTAN,40.85410221,-73.93818678
14652731,09-08-15,DEP,Noise,"Noise, Barking Dog (NR5)",10026,318 WEST 115 STREET,NEW YORK,MANHATTAN,40.80398934,-73.95646713
14656607,09-08-16,DEP,Noise,"Noise, Barking Dog (NR5)",10022,400 EAST 57 STREET,NEW YORK,MANHATTAN,40.7581599,-73.9625937
14656762,09-08-16,DEP,Noise,"Noise, Barking Dog (NR5)",10019,326 WEST 55 STREET,NEW YORK,MANHATTAN,40.76581456,-73.98478017
14664200,09-08-17,DEP,Noise,"Noise, Barking Dog (NR5)",10011,24 5 AVENUE,NEW YORK,MANHATTAN,40.73305146,-73.99637733
14691378,09-08-20,DEP,Noise,"Noise, Barking Dog (NR5)",10019,525 WEST 55 STREET,NEW YORK,MANHATTAN,40.76813446,-73.99024179
14691462,09-08-20,DEP,Noise,"Noise, Barking Dog (NR5)",10029,173 EAST 102 STREET,NEW YORK,MANHATTAN,40.78931492,-73.94727155
14690968,09-08-20,DEP,Noise,"Noise, Barking Dog (NR5)",10017,310 EAST 44 STREET,NEW YORK,MANHATTAN,40.75089692,-73.97075459
14691980,09-08-20,DEP,Noise,"Noise, Barking Dog (NR5)",10002,19 LUDLOW STREET,NEW YORK,MANHATTAN,40.71529257,-73.99082669
14708461,09-08-23,DEP,Noise,"Noise, Barking Dog (NR5)",10029,160 EAST 103 STREET,NEW YORK,MANHATTAN,40.79008064,-73.94714455
14740659,09-08-27,DEP,Noise,"Noise, Barking Dog (NR5)",10034,230 SEAMAN AVENUE,NEW YORK,MANHATTAN,40.87130498,-73.91883379
14740662,09-08-27,DEP,Noise,"Noise, Barking Dog (NR5)",10034,230 SEAMAN AVENUE,NEW YORK,MANHATTAN,40.87130498,-73.91883379
14740269,09-08-27,DEP,Noise,"Noise, Barking Dog (NR5)",10075,443 EAST 78 STREET,NEW YORK,MANHATTAN,40.77123198,-73.95214896
14740276,09-08-27,DEP,Noise,"Noise, Barking Dog (NR5)",10075,443 EAST 78 STREET,NEW YORK,MANHATTAN,40.77123198,-73.95214896
14733630,09-08-26,DEP,Noise,"Noise, Barking Dog (NR5)",10022,135 EAST 50 STREET,NEW YORK,MANHATTAN,40.75632906,-73.97193973
14754065,09-08-29,DEP,Noise,"Noise, Barking Dog (NR5)",10128,326 EAST 93 STREET,NEW YORK,MANHATTAN,40.78197296,-73.94771067
14754120,09-08-29,DEP,Noise,"Noise, Barking Dog (NR5)",10037,2059 MADISON AVENUE,NEW YORK,MANHATTAN,40.80908069,-73.93819608
14754125,09-08-29,DEP,Noise,"Noise, Barking Dog (NR5)",10003,225 EAST 12 STREET,NEW YORK,MANHATTAN,40.73149451,-73.98701424
14758078,09-08-30,DEP,Noise,"Noise, Barking Dog (NR5)",10024,171 WEST 81 STREET,NEW YORK,MANHATTAN,40.78404369,-73.97636959
14758299,09-08-30,DEP,Noise,"Noise, Barking Dog (NR5)",10032,918 SAINT NICHOLAS AVENUE,NEW YORK,MANHATTAN,40.8315011,-73.94115646
14758313,09-08-30,DEP,Noise,"Noise, Barking Dog (NR5)",10030,312 WEST 142 STREET,NEW YORK,MANHATTAN,40.82103947,-73.94362979
14758329,09-08-30,DEP,Noise,"Noise, Barking Dog (NR5)",10024,41 WEST 90 STREET,NEW YORK,MANHATTAN,40.78838677,-73.96868333
14773516,09-09-01,DEP,Noise,"Noise, Barking Dog (NR5)",10280,300 RECTOR PLACE,NEW YORK,MANHATTAN,40.70909673,-74.01710774
14773521,09-09-01,DEP,Noise,"Noise, Barking Dog (NR5)",10033,1469 ST NICHOLAS AVENUE,NEW YORK,MANHATTAN,40.85080548,-73.93265946
14766096,09-08-31,DEP,Noise,"Noise, Barking Dog (NR5)",10075,517 EAST 77 STREET,NEW YORK,MANHATTAN,40.76991952,-73.95100906
14773403,09-09-01,DEP,Noise,"Noise, Barking Dog (NR5)",10002,122 LUDLOW STREET,NEW YORK,MANHATTAN,40.71967026,-73.98855335
14781927,09-09-02,DEP,Noise,"Noise, Barking Dog (NR5)",10003,333 1 AVENUE,NEW YORK,MANHATTAN,40.73458411,-73.98007484
14789103,09-09-03,DEP,Noise,"Noise, Barking Dog (NR5)",10031,569 WEST 150 STREET,NEW YORK,MANHATTAN,40.82916273,-73.94708459
14781656,09-09-02,DEP,Noise,"Noise, Barking Dog (NR5)",10011,445 WEST 23 STREET,NEW YORK,MANHATTAN,40.74705246,-74.00264179
14781797,09-09-02,DEP,Noise,"Noise, Barking Dog (NR5)",10029,173 EAST 102 STREET,NEW YORK,MANHATTAN,40.78931492,-73.94727155
14797138,09-09-04,DEP,Noise,"Noise, Barking Dog (NR5)",10128,242 EAST 89 STREET,NEW YORK,MANHATTAN,40.78032231,-73.95157192
14797443,09-09-04,DEP,Noise,"Noise, Barking Dog (NR5)",10065,114 EAST 65 STREET,NEW YORK,MANHATTAN,40.76631017,-73.96623888
14797476,09-09-04,DEP,Noise,"Noise, Barking Dog (NR5)",10026,40 WEST 119 STREET,NEW YORK,MANHATTAN,40.80315618,-73.9463937
14806899,09-09-06,DEP,Noise,"Noise, Barking Dog (NR5)",10009,453 EAST 14 STREET,NEW YORK,MANHATTAN,40.73114251,-73.98202426
14797240,09-09-04,DEP,Noise,"Noise, Barking Dog (NR5)",10031,563 WEST 150 STREET,NEW YORK,MANHATTAN,40.82911876,-73.94697984
14797253,09-09-04,DEP,Noise,"Noise, Barking Dog (NR5)",10031,569 WEST 150 STREET,NEW YORK,MANHATTAN,40.82916273,-73.94708459
14806962,09-09-06,DEP,Noise,"Noise, Barking Dog (NR5)",10014,129 CHARLES STREET,NEW YORK,MANHATTAN,40.73424523,-74.00755218
14817185,09-09-08,DEP,Noise,"Noise, Barking Dog (NR5)",10034,3736 10 AVENUE,NEW YORK,MANHATTAN,40.86013356,-73.92209743
14826465,09-09-09,DEP,Noise,"Noise, Barking Dog (NR5)",10019,152 WEST 58 STREET,NEW YORK,MANHATTAN,40.76561588,-73.97819196
14835265,09-09-10,DEP,Noise,"Noise, Barking Dog (NR5)",10037,48 WEST 138 STREET,NEW YORK,MANHATTAN,40.81540991,-73.93800235
14832650,09-09-10,DEP,Noise,"Noise, Barking Dog (NR5)",10003,329 EAST 12 STREET,NEW YORK,MANHATTAN,40.73067359,-73.98507324
14835452,09-09-10,DEP,Noise,"Noise, Barking Dog (NR5)",10031,569 WEST 150 STREET,NEW YORK,MANHATTAN,40.82916273,-73.94708459
14823665,09-09-09,DEP,Noise,"Noise, Barking Dog (NR5)",10001,252 7 AVENUE,NEW YORK,MANHATTAN,40.74510086,-73.9949259
14824681,09-09-09,DEP,Noise,"Noise, Barking Dog (NR5)",10009,444 EAST 20 STREET,NEW YORK,MANHATTAN,40.73402377,-73.97786312
14846922,09-09-12,DEP,Noise,"Noise, Barking Dog (NR5)",10021,370 EAST 76 STREET,NEW YORK,MANHATTAN,40.77073082,-73.95494367
14841785,09-09-11,DEP,Noise,"Noise, Barking Dog (NR5)",10010,237 EAST 26 STREET,NEW YORK,MANHATTAN,40.74035371,-73.98084536
14857978,09-09-14,DEP,Noise,"Noise, Barking Dog (NR5)",10065,114 EAST 65 STREET,NEW YORK,MANHATTAN,40.76631017,-73.96623888
14856909,09-09-14,DEP,Noise,"Noise, Barking Dog (NR5)",10028,517 EAST 83 STREET,NEW YORK,MANHATTAN,40.77372237,-73.94792295
14882141,09-09-17,DEP,Noise,"Noise, Barking Dog (NR5)",10022,136 EAST 55 STREET,NEW YORK,MANHATTAN,40.75947399,-73.96974734
14875128,09-09-16,DEP,Noise,"Noise, Barking Dog (NR5)",10029,163 EAST 104 STREET,NEW YORK,MANHATTAN,40.79069523,-73.94664208
14875131,09-09-16,DEP,Noise,"Noise, Barking Dog (NR5)",10002,7 ESSEX STREET,NEW YORK,MANHATTAN,40.7149549,-73.9900656
14875315,09-09-16,DEP,Noise,"Noise, Barking Dog (NR5)",10034,17 CUMMINGS STREET,NEW YORK,MANHATTAN,40.86652874,-73.92632729
14881829,09-09-17,DEP,Noise,"Noise, Barking Dog (NR5)",10036,443 WEST 48 STREET,NEW YORK,MANHATTAN,40.76278229,-73.99113781
14889986,09-09-18,DEP,Noise,"Noise, Barking Dog (NR5)",10032,617 WEST 169 STREET,NEW YORK,MANHATTAN,40.84198532,-73.94003764
14898242,09-09-20,DEP,Noise,"Noise, Barking Dog (NR5)",10009,210 AVENUE B,NEW YORK,MANHATTAN,40.72855363,-73.97868756
14898253,09-09-20,DEP,Noise,"Noise, Barking Dog (NR5)",10128,326 EAST 93 STREET,NEW YORK,MANHATTAN,40.78197296,-73.94771067
14894659,09-09-19,DEP,Noise,"Noise, Barking Dog (NR5)",10033,729 WEST 186 STREET,NEW YORK,MANHATTAN,40.85357373,-73.93544004
14894689,09-09-19,DEP,Noise,"Noise, Barking Dog (NR5)",10003,145 EAST 15 STREET,NEW YORK,MANHATTAN,40.73442598,-73.98771369
14894711,09-09-19,DEP,Noise,"Noise, Barking Dog (NR5)",10007,295 GREENWICH STREET,NEW YORK,MANHATTAN,40.71600879,-74.01101314
14898457,09-09-20,DEP,Noise,"Noise, Barking Dog (NR5)",10280,355 SOUTH END AVENUE,NEW YORK,MANHATTAN,40.71088098,-74.01607297
14894935,09-09-19,DEP,Noise,"Noise, Barking Dog (NR5)",10033,,NEW YORK,MANHATTAN,40.85348024,-73.93513288
14889033,09-09-18,DEP,Noise,"Noise, Barking Dog (NR5)",10280,300 RECTOR PLACE,NEW YORK,MANHATTAN,40.70909673,-74.01710774
14913161,09-09-22,DEP,Noise,"Noise, Barking Dog (NR5)",10026,49 WEST 119 STREET,NEW YORK,MANHATTAN,40.80325783,-73.94658866
14904437,09-09-21,DEP,Noise,"Noise, Barking Dog (NR5)",10023,130 WEST 67 STREET,NEW YORK,MANHATTAN,40.77491584,-73.98278509
14913924,09-09-22,DEP,Noise,"Noise, Barking Dog (NR5)",10030,193 EDGECOMB AVENUE,NEW YORK,MANHATTAN,40.82258785,-73.94436193
14905523,09-09-21,DEP,Noise,"Noise, Barking Dog (NR5)",10007,295 GREENWICH STREET,NEW YORK,MANHATTAN,40.71600879,-74.01101314
14904692,09-09-21,DEP,Noise,"Noise, Barking Dog (NR5)",10003,333 1 AVENUE,NEW YORK,MANHATTAN,40.73458411,-73.98007484
14906054,09-09-21,DEP,Noise,"Noise, Barking Dog (NR5)",10011,25 WEST 10 STREET,NEW YORK,MANHATTAN,40.73387489,-73.99652161
14922474,09-09-23,DEP,Noise,"Noise, Barking Dog (NR5)",10023,75 WEST END AVENUE,NEW YORK,MANHATTAN,40.77441975,-73.98841757
14922333,09-09-23,DEP,Noise,"Noise, Barking Dog (NR5)",10031,569 WEST 150 STREET,NEW YORK,MANHATTAN,40.82916273,-73.94708459
14922366,09-09-23,DEP,Noise,"Noise, Barking Dog (NR5)",10128,432 EAST 87 STREET,NEW YORK,MANHATTAN,40.77718628,-73.94803217
14930998,09-09-24,DEP,Noise,"Noise, Barking Dog (NR5)",10030,193 EDGECOMB AVENUE,NEW YORK,MANHATTAN,40.82258785,-73.94436193
14941978,09-09-26,DEP,Noise,"Noise, Barking Dog (NR5)",10024,90 RIVERSIDE DRIVE,NEW YORK,MANHATTAN,40.78611412,-73.98125831
14942162,09-09-26,DEP,Noise,"Noise, Barking Dog (NR5)",10029,1626 LEXINGTON AVENUE,NEW YORK,MANHATTAN,40.79005902,-73.94788489
14953098,09-09-28,DEP,Noise,"Noise, Barking Dog (NR5)",10024,,NEW YORK,MANHATTAN,40.78453714,-73.97359614
14952224,09-09-28,DEP,Noise,"Noise, Barking Dog (NR5)",10036,444 WEST 48 STREET,NEW YORK,MANHATTAN,40.76278229,-73.99118835
14945749,09-09-27,DEP,Noise,"Noise, Barking Dog (NR5)",10002,161 ELDRIDGE STREET,NEW YORK,MANHATTAN,40.72001357,-73.99102445
14945892,09-09-27,DEP,Noise,"Noise, Barking Dog (NR5)",10040,701 WEST 189 STREET,NEW YORK,MANHATTAN,40.85537861,-73.93345372
14968839,09-09-30,DEP,Noise,"Noise, Barking Dog (NR5)",10014,85 BARROW STREET,NEW YORK,MANHATTAN,40.73162956,-74.00626377
14968267,09-09-30,DEP,Noise,"Noise, Barking Dog (NR5)",10026,114 WEST 117 STREET,NEW YORK,MANHATTAN,40.8030233,-73.94997694
14968924,09-09-30,DEP,Noise,"Noise, Barking Dog (NR5)",10032,535 WEST 155 STREET,NEW YORK,MANHATTAN,40.83202952,-73.9440505
14968412,09-09-30,DEP,Noise,"Noise, Barking Dog (NR5)",10033,803 WEST 180 STREET,NEW YORK,MANHATTAN,40.85010645,-73.93917367
14968416,09-09-30,DEP,Noise,"Noise, Barking Dog (NR5)",10065,215 EAST 68 STREET,NEW YORK,MANHATTAN,40.76695657,-73.96190646
14977431,09-10-01,DEP,Noise,"Noise, Barking Dog (NR5)",10021,520 EAST 76 STREET,NEW YORK,MANHATTAN,40.76914557,-73.95117931
14977451,09-10-01,DEP,Noise,"Noise, Barking Dog (NR5)",10035,1707 PARK AVENUE,NEW YORK,MANHATTAN,40.80157013,-73.94155856
14977237,09-10-01,DEP,Noise,"Noise, Barking Dog (NR5)",10026,1975 ADAM CLAYTON POWELL BOULEVARD,NEW YORK,MANHATTAN,40.80493693,-73.95126142
14977454,09-10-01,DEP,Noise,"Noise, Barking Dog (NR5)",10035,1707 PARK AVENUE,NEW YORK,MANHATTAN,40.80157013,-73.94155856
14985990,09-10-02,DEP,Noise,"Noise, Barking Dog (NR5)",10009,336 EAST 4 STREET,NEW YORK,MANHATTAN,40.72188397,-73.97924888
14986035,09-10-02,DEP,Noise,"Noise, Barking Dog (NR5)",10011,415 WEST 23 STREET,NEW YORK,MANHATTAN,40.74679721,-74.00203186
15000409,09-10-05,DEP,Noise,"Noise, Barking Dog (NR5)",10025,50 MANHATTAN AVENUE,NEW YORK,MANHATTAN,40.79618021,-73.96326939
14993950,09-10-04,DEP,Noise,"Noise, Barking Dog (NR5)",10036,305 WEST 45 STREET,NEW YORK,MANHATTAN,40.7593841,-73.98889305
15000823,09-10-05,DEP,Noise,"Noise, Barking Dog (NR5)",10014,110 BANK STREET,NEW YORK,MANHATTAN,40.73634225,-74.00718797
15002702,09-10-05,DEP,Noise,"Noise, Barking Dog (NR5)",10032,918 ST NICHOLAS AVENUE,NEW YORK,MANHATTAN,40.8315011,-73.94115646
15011270,09-10-06,DEP,Noise,"Noise, Barking Dog (NR5)",10044,510 MAIN STREET,NEW YORK,MANHATTAN,40.76103464,-73.95065823
15011274,09-10-06,DEP,Noise,"Noise, Barking Dog (NR5)",10026,312 WEST 115 STREET,NEW YORK,MANHATTAN,40.80393714,-73.95634075
15019558,09-10-07,DEP,Noise,"Noise, Barking Dog (NR5)",10003,201 EAST 19 STREET,NEW YORK,MANHATTAN,40.73634422,-73.98483742
15011465,09-10-06,DEP,Noise,"Noise, Barking Dog (NR5)",10029,330 EAST 104 STREET,NEW YORK,MANHATTAN,40.78893937,-73.94253747
15018717,09-10-07,DEP,Noise,"Noise, Barking Dog (NR5)",10033,1348 ST NICHOLAS AVENUE,NEW YORK,MANHATTAN,40.84701386,-73.93540303
15008487,09-10-06,DEP,Noise,"Noise, Barking Dog (NR5)",10024,316 WEST 84 STREET,NEW YORK,MANHATTAN,40.78780731,-73.9794125
15010931,09-10-06,DEP,Noise,"Noise, Barking Dog (NR5)",10023,110 WEST END AVENUE,NEW YORK,MANHATTAN,40.77518266,-73.98729096
15019171,09-10-07,DEP,Noise,"Noise, Barking Dog (NR5)",10036,444 WEST 48 STREET,NEW YORK,MANHATTAN,40.76278229,-73.99118835
15019580,09-10-07,DEP,Noise,"Noise, Barking Dog (NR5)",10019,433 WEST 54 STREET,NEW YORK,MANHATTAN,40.76645174,-73.98819514
15010249,09-10-06,DEP,Noise,"Noise, Barking Dog (NR5)",10029,1325 PARK AVENUE,NEW YORK,MANHATTAN,40.78931087,-73.9505181
15035060,09-10-09,DEP,Noise,"Noise, Barking Dog (NR5)",10003,145 EAST 15 STREET,NEW YORK,MANHATTAN,40.73442598,-73.98771369
15035080,09-10-09,DEP,Noise,"Noise, Barking Dog (NR5)",10031,619 WEST 140 STREET,NEW YORK,MANHATTAN,40.82354153,-73.95340485
15029004,09-10-08,DEP,Noise,"Noise, Barking Dog (NR5)",10037,470 MALCOLM X BOULEVARD,NEW YORK,MANHATTAN,40.81307877,-73.94159542
15029257,09-10-08,DEP,Noise,"Noise, Barking Dog (NR5)",10010,363 1 AVENUE,NEW YORK,MANHATTAN,40.73570931,-73.97924818
15035253,09-10-09,DEP,Noise,"Noise, Barking Dog (NR5)",10027,2235 FREDERIC DOUGLAS BOULEVARD,NEW YORK,MANHATTAN,40.80730097,-73.95327895
15029120,09-10-08,DEP,Noise,"Noise, Barking Dog (NR5)",10035,524 EAST 119 STREET,NEW YORK,MANHATTAN,40.79671168,-73.9311142
15049868,09-10-12,DEP,Noise,"Noise, Barking Dog (NR5)",10019,359 WEST 54 STREET,NEW YORK,MANHATTAN,40.76547436,-73.98587769
15043376,09-10-11,DEP,Noise,"Noise, Barking Dog (NR5)",10016,152 EAST 38 STREET,NEW YORK,MANHATTAN,40.74861748,-73.9771942
15043379,09-10-11,DEP,Noise,"Noise, Barking Dog (NR5)",10128,326 EAST 93 STREET,NEW YORK,MANHATTAN,40.78197296,-73.94771067
15050273,09-10-12,DEP,Noise,"Noise, Barking Dog (NR5)",10021,233 EAST 70 STREET,NEW YORK,MANHATTAN,40.76808975,-73.96070724
15040003,09-10-10,DEP,Noise,"Noise, Barking Dog (NR5)",10065,341 EAST 65 STREET,NEW YORK,MANHATTAN,40.76393691,-73.96057252
15040014,09-10-10,DEP,Noise,"Noise, Barking Dog (NR5)",10010,227 EAST 21 STREET,NEW YORK,MANHATTAN,40.73722782,-73.98330723
15057071,09-10-13,DEP,Noise,"Noise, Barking Dog (NR5)",10028,544 EAST 83 STREET,NEW YORK,MANHATTAN,40.77351082,-73.94746098
15057157,09-10-13,DEP,Noise,"Noise, Barking Dog (NR5)",10009,8 STUYVESANT OVAL,NEW YORK,MANHATTAN,40.73097684,-73.97655438
15057252,09-10-13,DEP,Noise,"Noise, Barking Dog (NR5)",10128,432 EAST 87 STREET,NEW YORK,MANHATTAN,40.77718628,-73.94803217
15057261,09-10-13,DEP,Noise,"Noise, Barking Dog (NR5)",10003,237 EAST 20 STREET,NEW YORK,MANHATTAN,40.73645654,-73.98328577
15057280,09-10-13,DEP,Noise,"Noise, Barking Dog (NR5)",10065,341 EAST 65 STREET,NEW YORK,MANHATTAN,40.76393691,-73.96057252
15057397,09-10-13,DEP,Noise,"Noise, Barking Dog (NR5)",10001,309 WEST 30 STREET,NEW YORK,MANHATTAN,40.7499344,-73.99587474
15057504,09-10-13,DEP,Noise,"Noise, Barking Dog (NR5)",10019,448 WEST 54 STREET,NEW YORK,MANHATTAN,40.76657255,-73.98852724
15057583,09-10-13,DEP,Noise,"Noise, Barking Dog (NR5)",10025,711 WEST END AVENUE,NEW YORK,MANHATTAN,40.79436335,-73.97387395
15068644,09-10-14,DEP,Noise,"Noise, Barking Dog (NR5)",10003,329 EAST 12 STREET,NEW YORK,MANHATTAN,40.73067359,-73.98507324
15069841,09-10-14,DEP,Noise,"Noise, Barking Dog (NR5)",10003,54 EAST 8 STREET,NEW YORK,MANHATTAN,40.73105315,-73.99353062
15067922,09-10-14,DEP,Noise,"Noise, Barking Dog (NR5)",10014,23 CHRISTOPHER STREET,NEW YORK,MANHATTAN,40.73391062,-74.00081547
15080401,09-10-15,DEP,Noise,"Noise, Barking Dog (NR5)",10017,160 EAST 48 STREET,NEW YORK,MANHATTAN,40.75494312,-73.9725864
15069906,09-10-14,DEP,Noise,"Noise, Barking Dog (NR5)",10037,2059 MADISON AVENUE,NEW YORK,MANHATTAN,40.80908069,-73.93819608
15069907,09-10-14,DEP,Noise,"Noise, Barking Dog (NR5)",10037,2059 MADISON AVENUE,NEW YORK,MANHATTAN,40.80908069,-73.93819608
15078237,09-10-15,DEP,Noise,"Noise, Barking Dog (NR5)",10024,268 WEST 91 STREET,NEW YORK,MANHATTAN,40.7918,-73.97491504
